NCT,Authors,Year,PMID,Trial name,Cancer type,Treatment regimen,treatment_summary
NCT02302807,Powles T et al,2018,29268948,IMvigor211,Bladder,Atezolizumab,Atezolizumab monotherapy for bladder cancer.
NCT02256436,Bellmunt J et al,2017,28212060,Keynote-045,Bladder,Pembrolizumab,Pembrolizumab monotherapy for bladder cancer. 
NCT02256436,Fradet Y et al,2019,31050707,Keynote-045,Bladder,Pembrolizumab,Pembrolizumab monotherapy for bladder cancer.
NCT02425891,Schmid P et al,2018,30345906,IMpassion130,Breast,Atezolizumab+Nab-paclitaxel,Atezolizumab plus Nab-paclitaxel combination therapy for breast cancer
NCT02685059,Loibl S et al,2019,31095287,GeparNuevo,Breast,Durvalumab+Nab-paclitaxel+epirubicin+cyclophosphamide,"Durvalumab, Nab-paclitaxel, epirubicin, and cyclophosphamide for breast cancer."
NCT02788279,Eng C et al,2019,31003911,IMblaze130,Colorectal,Atezolizumab+Cobimetinib,Atezolizumab plus Cobimetinib combination therapy for Colorectal cancer.
NCT02788279,Eng C et al,2019,31003911,IMblaze130,Colorectal,Atezolizumab+Cobimetinib,Atezolizumab monotherapy for colorectal cancer.
NCT02788279,Eng C et al (1),2019,31003911,IMblaze130,Colorectal,Atezolizumab,Atezolizumab plus Cobimetinib combination therapy for Colorectal cancer.
NCT02788279,Eng C et al (1),2019,31003911,IMblaze130,Colorectal,Atezolizumab,Atezolizumab monotherapy for colorectal cancer.
NCT01585987,Bang YJ et al,2017,28655793,,Gastric/GEJ,Ipilimumab,Ipilimumab monotherapy for Gastric/GEJ cancer.
NCT02267343,Kang YK et al,2017,28993052,ATTRACTION-2,Gastric/GEJ,Nivolumab,Nivolumab monotherapy for Gastric/GEJ cancer (ATTRACTION-2 trial).
NCT02625623,Bang YJ et al,2018,30052729,JAVELIN Gastric 300,Gastric/GEJ,Avelumab,Avelumab monotherapy for gastric/GEJ cancer after prior chemotherapy.
NCT02370498,Shitara K et al,2018,29880231,Keynote-061,Gastric/GEJ,Pembrolizumab,Pembrolizumab monotherapy for Gastric/GEJ cancer in Keynote-061 trial.
NCT02252042,Cohen EEW et al,2018,30509740,KEYNOTE-040,Head and Neck ,Pembrolizumab,Pembrolizumab monotherapy for recurrent or metastatic head and neck cancer.
NCT02105636,Ferris RL et al,2016,27718784,CheckMate 141,Head and Neck,Nivolumab,Nivolumab monotherapy for recurrent or metastatic head and neck cancer.
NCT02105636,Ferris RL et al,2018,29884413,CheckMate 141,Head and Neck,Nivolumab,Nivolumab monotherapy for recurrent or metastatic head and neck cancer.
NCT01668784,Motzer RJ et al,2015,26406148,CheckMate 025,Renal cell,Nivolumab,Nivolumab monotherapy for renal cell carcinoma in CheckMate 025.
NCT01984242,McDermott DF et al,2018,29867230,IMmotion150,Renal cell,Atezolizumab,Atezolizumab monotherapy for renal cell carcinoma
NCT01984242,McDermott DF et al,2018,29867230,IMmotion150,Renal cell,Atezolizumab,Atezolizumab and Bevacizumab combination therapy for Renal Cell Carcinoma.
NCT01984242,McDermott DF et al (1),2018,29867230,IMmotion150,Renal cell,Atezolizumab+Bevacizumab,Atezolizumab monotherapy for renal cell carcinoma
NCT01984242,McDermott DF et al (1),2018,29867230,IMmotion150,Renal cell,Atezolizumab+Bevacizumab,Atezolizumab and Bevacizumab combination therapy for Renal Cell Carcinoma.
NCT02231749,Motzer RJ et al,2018,29562145,CheckMate 214,Renal cell,Nivolumab+Ipilimumab,Nivolumab plus Ipilimumab combination immunotherapy for renal cell carcinoma.
NCT02231749,Motzer RJ et al,2019,31427204,CheckMate 214,Renal cell,Nivolumab+Ipilimumab,Nivolumab plus Ipilimumab combination immunotherapy for renal cell carcinoma.
NCT02684006,Motzer RJ et al,2019,30779531,JAVELIN Renal 101,Renal cell,Avelumab+Axitinib,Avelumab plus Axitinib combination therapy for renal cell carcinoma.
NCT02853331,Rini BI et al,2019,30779529,KEYNOTE-426,Renal cell,Pembrolizumab+Axitinib,Pembrolizumab and Axitinib combination therapy for renal cell carcinoma.
NCT02420821,Rini BI et al,2019,31079938,IMmotion151,Renal cell,Atezolizumab+Bevacizumab,Atezolizumab and Bevacizumab combination therapy for renal cell carcinoma.
NCT00527735,Lynch TJ et al,2012,22547592,,Non-Small Cell Lung,Concurrent ipilimumab+Paclitaxel+Carboplatin,"Concurrent ipilimumab, paclitaxel, and carboplatin chemotherapy for non-small cell lung cancer."
NCT00527735,Lynch TJ et al,2012,22547592,,Non-Small Cell Lung,Concurrent ipilimumab+Paclitaxel+Carboplatin,Phased ipilimumab plus paclitaxel and carboplatin chemotherapy for lung cancer.
NCT00527735,Lynch TJ et al (1),2012,22547592,,Non-Small Cell Lung,Phased ipilimumab+Paclitaxel+Carboplatin,"Concurrent ipilimumab, paclitaxel, and carboplatin chemotherapy for non-small cell lung cancer."
NCT00527735,Lynch TJ et al (1),2012,22547592,,Non-Small Cell Lung,Phased ipilimumab+Paclitaxel+Carboplatin,Phased ipilimumab plus paclitaxel and carboplatin chemotherapy for lung cancer.
NCT00527735,Reck M et al,2012,22858559,,Small Cell Lung,Concurrent ipilimumab+Paclitaxel+Carboplatin,"Concurrent ipilimumab, paclitaxel, and carboplatin for small cell lung cancer"
NCT00527735,Reck M et al,2012,22858559,,Small Cell Lung,Concurrent ipilimumab+Paclitaxel+Carboplatin,Phased ipilimumab with paclitaxel and carboplatin for small cell lung.
NCT00527735,Reck M et al (1),2012,22858559,,Small Cell Lung,Phased ipilimumab+Paclitaxel+Carboplatin,"Concurrent ipilimumab, paclitaxel, and carboplatin for small cell lung cancer"
NCT00527735,Reck M et al (1),2012,22858559,,Small Cell Lung,Phased ipilimumab+Paclitaxel+Carboplatin,Phased ipilimumab with paclitaxel and carboplatin for small cell lung.
NCT01673867,Borghaei  H et al,2015,26412456,Checkmate 057,Non-Small Cell Lung,Nivolumab,Nivolumab monotherapy for Non-Small Cell Lung Cancer (Checkmate 057)
NCT01642004,Brahmer J et al,2015,26028407,Checkmate 017,Non-Small Cell Lung,Nivolumab,Nivolumab monotherapy for non-small cell lung cancer (NSCLC)
NCT01905657,Herbst RS et al,2016,26712084,Keynote-010,Non-Small Cell Lung,Pembrolizumab,Pembrolizumab monotherapy for non-small cell lung cancer.
NCT01905657,Herbst RS et al,2016,26712084,Keynote-010,Non-Small Cell Lung,Pembrolizumab,Pembrolizumab monotherapy for non-small cell lung cancer
NCT01905657,Herbst RS et al (1),2016,26712084,Keynote-010,Non-Small Cell Lung,Pembrolizumab,Pembrolizumab monotherapy for non-small cell lung cancer.
NCT01905657,Herbst RS et al (1),2016,26712084,Keynote-010,Non-Small Cell Lung,Pembrolizumab,Pembrolizumab monotherapy for non-small cell lung cancer
NCT01903993,Fehrenbacher L et al,2016,26970723,POPLAR,Non-Small Cell Lung,Atezolizumab,Atezolizumab monotherapy for Non-Small Cell Lung Cancer (NSCLC)
NCT01450761,Reck M et al,2016,27458307,CA184-156,Small Cell Lung,Ipilimumab+Etoposide+Platinum agent,Ipilimumab plus etoposide and platinum agent chemotherapy for SCLC.
NCT02041533,Carbone DP et al,2017,28636851,Checkmate 026,Non-Small Cell Lung,Nivolumab,Nivolumab monotherapy for Non-Small Cell Lung Cancer (NSCLC)
NCT01285609,Govindan R et al,2017,28854067,,Non-Small Cell Lung,Ipilimumab+Paclitaxel+Carboplatin,"Ipilimumab, Paclitaxel, and Carboplatin combination therapy for Non-Small Cell Lung."
NCT02125461,Antonia SJ et al,2017,28885881,PACIFIC,Non-Small Cell Lung,Durvalumab,Durvalumab monotherapy for non-small cell lung cancer (NSCLC).
NCT02125461,Antonia SJ et al,2018,30280658,PACIFIC,Non-Small Cell Lung,Durvalumab,Durvalumab maintenance therapy after chemoradiation for Non-Small Cell Lung Cancer
NCT02395172,Barlesi F et al,2018,30262187,JAVELIN Lung 200,Non-Small Cell Lung,Atezolizumab,Atezolizumab monotherapy for Non-Small Cell Lung Cancer (NSCLC).
NCT02039674,Langer JC et al,2016,27745820,Keynote-021,Non-Small Cell Lung,Pembrolizumab+Pemetrexed+Carboplatin,Pembrolizumab plus pemetrexed and carboplatin combination therapy for lung cancer.
NCT02039674,Borghaei  H et al,2018,30138764,Keynote-021,Non-Small Cell Lung,Pembrolizumab+Pemetrexed+Carboplatin,"Pembrolizumab, Pemetrexed, and Carboplatin combination therapy for NSCLC"
NCT02008227,Rittmeyer A et al,2017,27979383,OAK,Non-Small Cell Lung,Atezolizumab,Atezolizumab monotherapy for Non-Small Cell Lung Cancer
NCT02008227,Fehrenbacher L et al,2018,29777823,OAK,Non-Small Cell Lung,Atezolizumab,Atezolizumab monotherapy for non-small cell lung cancer
NCT02578680,Gandhi L et al,2018,29658856,Keynote-189,Non-Small Cell Lung,Pembrolizumab+Platinum agent,Pembrolizumab plus platinum-based chemotherapy for non-small cell lung cancer.
NCT02763579,Horn L et al,2018,30280641,IMPower 133,Small Cell Lung,Atezolizumab+Etoposide+Carboplatin,Atezolizumab plus Etoposide and Carboplatin for Small Cell Lung Cancer
NCT02775435,Paz-Ares L et al,2018,30280635,Keynote-407,Non-Small Cell Lung,Pembrolizumab+Carboplatin+Paclitaxel/nab-paclitaxel,Pembrolizumab plus Carboplatin and Paclitaxel/nab-paclitaxel for Non-Small Cell Lung
NCT02366143,Socinski MA et al,2018,29863955,IMPower150,Non-Small Cell Lung,Atezolizumab+Carboplatin+Paclitaxel,"Atezolizumab, carboplatin, and paclitaxel combination therapy for non-small cell lung cancer."
NCT02366143,Socinski MA et al,2018,29863955,IMPower150,Non-Small Cell Lung,Atezolizumab+Carboplatin+Paclitaxel,"Atezolizumab, Carboplatin, Paclitaxel, and Bevacizumab combination therapy for NSCLC"
NCT02366143,Socinski MA et al (1),2018,29863955,IMPower150,Non-Small Cell Lung,Atezolizumab+Carboplatin+Paclitaxel+Bevacizumab,"Atezolizumab, carboplatin, and paclitaxel combination therapy for non-small cell lung cancer."
NCT02366143,Socinski MA et al (1),2018,29863955,IMPower150,Non-Small Cell Lung,Atezolizumab+Carboplatin+Paclitaxel+Bevacizumab,"Atezolizumab, Carboplatin, Paclitaxel, and Bevacizumab combination therapy for NSCLC"
NCT02477826,Hellmann MD et al,2018,29658845,Checkmate 227,Non-Small Cell Lung,Nivolumab+Ipilimumab,Nivolumab plus Ipilimumab combination immunotherapy for Non-Small Cell Lung Cancer
NCT02477826,Hellmann MD et al,2018,29658845,Checkmate 227,Non-Small Cell Lung,Nivolumab+Ipilimumab,Nivolumab monotherapy for Non-Small Cell Lung Cancer
NCT02477826,Hellmann MD et al (1),2018,29658845,Checkmate 227,Non-Small Cell Lung,Nivolumab,Nivolumab plus Ipilimumab combination immunotherapy for Non-Small Cell Lung Cancer
NCT02477826,Hellmann MD et al (1),2018,29658845,Checkmate 227,Non-Small Cell Lung,Nivolumab,Nivolumab monotherapy for Non-Small Cell Lung Cancer
NCT02477826,Hellmann MD et al,2019,31562796,Checkmate 227,Non-Small Cell Lung,Nivolumab+Ipilimumab,Nivolumab plus Ipilimumab combination immunotherapy for Non-Small Cell Lung Cancer.
NCT02477826,Hellmann MD et al,2019,31562796,Checkmate 227,Non-Small Cell Lung,Nivolumab+Ipilimumab,Nivolumab monotherapy for Non-Small Cell Lung Cancer (NSCLC).
NCT02477826,Hellmann MD et al,2019,31562796,Checkmate 227,Non-Small Cell Lung,Nivolumab+Ipilimumab,Nivolumab plus Chemotherapy for Non-Small Cell Lung Cancer
NCT02477826,Hellmann MD et al (1),2019,31562796,Checkmate 227,Non-Small Cell Lung,Nivolumab,Nivolumab plus Ipilimumab combination immunotherapy for Non-Small Cell Lung Cancer.
NCT02477826,Hellmann MD et al (1),2019,31562796,Checkmate 227,Non-Small Cell Lung,Nivolumab,Nivolumab monotherapy for Non-Small Cell Lung Cancer (NSCLC).
NCT02477826,Hellmann MD et al (1),2019,31562796,Checkmate 227,Non-Small Cell Lung,Nivolumab,Nivolumab plus Chemotherapy for Non-Small Cell Lung Cancer
NCT02477826,Hellmann MD et al (2),2019,31562796,Checkmate 227,Non-Small Cell Lung,Nivolumab+Chemotherapy,Nivolumab plus Ipilimumab combination immunotherapy for Non-Small Cell Lung Cancer.
NCT02477826,Hellmann MD et al (2),2019,31562796,Checkmate 227,Non-Small Cell Lung,Nivolumab+Chemotherapy,Nivolumab monotherapy for Non-Small Cell Lung Cancer (NSCLC).
NCT02477826,Hellmann MD et al (2),2019,31562796,Checkmate 227,Non-Small Cell Lung,Nivolumab+Chemotherapy,Nivolumab plus Chemotherapy for Non-Small Cell Lung Cancer
NCT02220894,Mok TSK et al,2019,30955977,Keynote-042,Non-Small Cell Lung,Pembrolizumab,Pembrolizumab monotherapy for non-small cell lung cancer (NSCLC).
NCT03059667,Pujol JL et al,2019,30664989,IFCT-1603,Small Cell Lung,Atezolizumab,Atezolizumab monotherapy for small cell lung cancer (SCLC)
NCT02142738,Reck M et al,2019,30620668,Keynote-024,Non-Small Cell Lung,Pembrolizumab,Pembrolizumab monotherapy for untreated metastatic non-small cell lung cancer.
NCT02367781,West H et al,2019,31122901,IMpower130,Non-Small Cell Lung,Atezolizumab+Carboplatin+Nab-paclitaxel,"Atezolizumab, Carboplatin, and Nab-paclitaxel combination therapy for Non-Small Cell Lung Cancer"
NCT02613507,Wu YL et al,2019,30659987,Checkmate 078,Non-Small Cell Lung,Nivolumab,Nivolumab monotherapy for non-small cell lung cancer.
NCT02454933,Yang JCH et al,2019,30763730,CAURAL,Non-Small Cell Lung,Durvalumab+Osimertinib,Durvalumab plus Osimertinib combination therapy for Non-Small Cell Lung Cancer
NCT00324155,Robert C et al,2011,21639810,,Melanoma,Ipilimumab+Dacarbazine,Ipilimumab plus Dacarbazine for melanoma treatment.
NCT00094653,Hodi FS et al,2010,20525992,MDX010-20,Melanoma,Ipilimumab,Ipilimumab monotherapy for melanoma treatment in the MDX010-20 trial.
NCT00094653,Hodi FS et al,2010,20525992,MDX010-20,Melanoma,Ipilimumab,Ipilimumab combined with Gp100 vaccine for melanoma treatment.
NCT00094653,Hodi FS et al (1),2010,20525992,MDX010-20,Melanoma,Ipilimumab+Gp100 Vaccine,Ipilimumab monotherapy for melanoma treatment in the MDX010-20 trial.
NCT00094653,Hodi FS et al (1),2010,20525992,MDX010-20,Melanoma,Ipilimumab+Gp100 Vaccine,Ipilimumab combined with Gp100 vaccine for melanoma treatment.
NCT00257205,Ribas A et al,2013,23295794,,Melanoma,Tremelimumab,Tremelimumab monotherapy for melanoma
NCT02362594,Eggermont AMM et al,2018,29658430,EORTC 1325-MG/KEYNOTE-054,Melanoma,Pembrolizumab,Pembrolizumab for melanoma adjuvant therapy following complete resection of disease.
NCT01704287,Ribas A et al,2015,26115796,KEYNOTE-002,Melanoma,Pembrolizumab 2 mg/kg,Pembrolizumab 2 mg/kg for melanoma; KEYNOTE-002 trial.
NCT01704287,Ribas A et al,2015,26115796,KEYNOTE-002,Melanoma,Pembrolizumab 2 mg/kg,Pembrolizumab at 10 mg/kg for melanoma treatment.
NCT01704287,Ribas A et al (1),2015,26115796,KEYNOTE-002,Melanoma,Pembrolizumab 10 mg/kg,Pembrolizumab 2 mg/kg for melanoma; KEYNOTE-002 trial.
NCT01704287,Ribas A et al (1),2015,26115796,KEYNOTE-002,Melanoma,Pembrolizumab 10 mg/kg,Pembrolizumab at 10 mg/kg for melanoma treatment.
NCT01704287,Hamid O et al,2017,28961465,KEYNOTE-002,Melanoma,Pembrolizumab 2 mg/kg,"Pembrolizumab 2 mg/kg for melanoma, a checkpoint inhibitor immunotherapy."
NCT01704287,Hamid O et al,2017,28961465,KEYNOTE-002,Melanoma,Pembrolizumab 2 mg/kg,Pembrolizumab 10 mg/kg for melanoma treatment in KEYNOTE-002 trial.
NCT01704287,Hamid O et al (1),2017,28961465,KEYNOTE-002,Melanoma,Pembrolizumab 10 mg/kg,"Pembrolizumab 2 mg/kg for melanoma, a checkpoint inhibitor immunotherapy."
NCT01704287,Hamid O et al (1),2017,28961465,KEYNOTE-002,Melanoma,Pembrolizumab 10 mg/kg,Pembrolizumab 10 mg/kg for melanoma treatment in KEYNOTE-002 trial.
NCT00636168,Eggermont AMM et al,2016,27717298,,Melanoma,Ipilimumab,Ipilimumab monotherapy for melanoma.
NCT01721746,Weber JS et al,2015,25795410,CheckMate 037,Melanoma,Nivolumab,Nivolumab monotherapy for melanoma in the CheckMate 037 trial.
NCT01721746,Larkin J et al,2018,28671856,CheckMate 037,Melanoma,Nivolumab,Nivolumab monotherapy for melanoma; CheckMate 037 trial.
NCT02130466,Ascierto PA et al,2019,31171878,KEYNOTE-022,Melanoma,Pembrolizumab+Dabrafenib+Trametinib,Pembrolizumab with dabrafenib and trametinib combination therapy for melanoma.
NCT01721772,Robert C et al,2015,25399552,CheckMate 066,Melanoma,Nivolumab,Nivolumab monotherapy for melanoma. 
NCT01721772,Ascierto PA et al,2019,30422243,CheckMate 066,Melanoma,Nivolumab,Nivolumab monotherapy for melanoma
NCT01843374,Maio M et al,2017,28729154,DETERMINE,Mesothelioma,Tremelimumab,Tremelimumab monotherapy for mesothelioma.
NCT02576977,Mateos MV et al,2019,31327687,KEYNOTE-183,Multiple Myeloma,Pembrolizumab+Pomalidomide+Dexamethasone,"Pembrolizumab, Pomalidomide, and Dexamethasone combination therapy for Multiple Myeloma."
NCT02579863,Usmani SZ et al,2019,31327689,KEYNOTE-185,Multiple Myeloma,Pembrolizumab+Lenalidomide+Dexamethasone,"Pembrolizumab, lenalidomide, and dexamethasone combination for multiple myeloma."
NCT00861614,Kwon ED et al,2014,24831977,CA184-043,Prostate,Ipilimumab,Ipilimumab monotherapy for prostate cancer
NCT01057810,Beer TM et al,2017,28034081,CA184-095,Prostate,Ipilimumab,"Ipilimumab monotherapy for prostate cancer, CA184-095 trial, Beer TM et al."
NCT02267343,Chen LT et al,2019,31863227,ATTRACTION-2,Gastric/GEJ,Nivolumab,Nivolumab monotherapy for gastric/GEJ cancer after chemotherapy failure.
NCT02702401,Finn RS et al,2019,31790344,KEYNOTE-240,Hepatocellular,Pembrolizumab,Pembrolizumab monotherapy for Hepatocellular carcinoma (HCC)
NCT02569242,Kato K et al,2019,31582355,ATTRACTION-3,Esophageal/GEJ,Nivolumab,Nivolumab monotherapy for esophageal/GEJ cancer.
NCT01042379,Nanda R et al,2019,32053137,I-SPY2,Breast,Pembrolizumab+Paclitaxel,Pembrolizumab plus paclitaxel combination therapy for breast cancer.
NCT03043872,Paz-Ares L et al,2019,31590988,CASPIAN,Small Cell Lung,Durvalumab+Etoposide+Platinum agent,Durvalumab plus Etoposide and Platinum chemotherapy for Small Cell Lung
NCT03043872,Paz-Ares L et al,2019,31590988,CASPIAN,Small Cell Lung,Durvalumab+Etoposide+Platinum agent,"Durvalumab, Tremelimumab, Etoposide, and Platinum for Small Cell Lung"
NCT03043872,Paz-Ares L et al (1),2019,31590988,CASPIAN,Small Cell Lung,Durvalumab+Tremelimumab+Etoposide+Platinum agent,Durvalumab plus Etoposide and Platinum chemotherapy for Small Cell Lung
NCT03043872,Paz-Ares L et al (1),2019,31590988,CASPIAN,Small Cell Lung,Durvalumab+Tremelimumab+Etoposide+Platinum agent,"Durvalumab, Tremelimumab, Etoposide, and Platinum for Small Cell Lung"
NCT02425891,Schmid P et al,2019,31786121,IMpassion130,Breast,Atezolizumab+Nab-paclitaxel,Atezolizumab plus Nab-paclitaxel combination therapy for Breast cancer.
NCT02358031,Burtness B et al,2019,31679945,KEYNOTE-048,Head and Neck,Pembrolizumab,Pembrolizumab monotherapy for Head and Neck cancer
NCT02358031,Burtness B et al,2019,31679945,KEYNOTE-048,Head and Neck,Pembrolizumab,Pembrolizumab plus platinum and 5-Fluorouracil for head and neck cancer.
NCT02358031,Burtness B et al (1),2019,31679945,KEYNOTE-048,Head and Neck,Pembrolizumab+Platinum agent+5-Fluorouracil,Pembrolizumab monotherapy for Head and Neck cancer
NCT02358031,Burtness B et al (1),2019,31679945,KEYNOTE-048,Head and Neck,Pembrolizumab+Platinum agent+5-Fluorouracil,Pembrolizumab plus platinum and 5-Fluorouracil for head and neck cancer.
NCT02763579,Mansfield AS et al,2020,31959349,IMpower133,Small Cell Lung,Atezolizumab+Carboplatin+Etoposide,"Atezolizumab, Carboplatin, and Etoposide combination therapy for Small Cell Lung Cancer."
NCT02362048,Overman M et al,2020,32114502,KEYNOTE144,Pancreatic,Pembrolizumab+Acalabrutinib,Pembrolizumab plus Acalabrutinib combination therapy for Pancreatic cancer.
NCT02352948,Planchard D et al,2020,32201234,ARCTIC,Non-Small Cell Lung,Durvalumab,Durvalumab monotherapy in Non-Small Cell Lung Cancer (NSCLC).
NCT02352948,Planchard D et al,2020,32201234,ARCTIC,Non-Small Cell Lung,Durvalumab,Tremelimumab monotherapy for Non-Small Cell Lung Cancer.
NCT02352948,Planchard D et al,2020,32201234,ARCTIC,Non-Small Cell Lung,Durvalumab,Durvalumab plus Tremelimumab combination immunotherapy for Non-Small Cell Lung Cancer.
NCT02352948,Planchard D et al (1),2020,32201234,ARCTIC,Non-Small Cell Lung,Tremelimumab,Durvalumab monotherapy in Non-Small Cell Lung Cancer (NSCLC).
NCT02352948,Planchard D et al (1),2020,32201234,ARCTIC,Non-Small Cell Lung,Tremelimumab,Tremelimumab monotherapy for Non-Small Cell Lung Cancer.
NCT02352948,Planchard D et al (1),2020,32201234,ARCTIC,Non-Small Cell Lung,Tremelimumab,Durvalumab plus Tremelimumab combination immunotherapy for Non-Small Cell Lung Cancer.
NCT02352948,Planchard D et al (2),2020,32201234,ARCTIC,Non-Small Cell Lung,Durvalumab+Tremelimumab,Durvalumab monotherapy in Non-Small Cell Lung Cancer (NSCLC).
NCT02352948,Planchard D et al (2),2020,32201234,ARCTIC,Non-Small Cell Lung,Durvalumab+Tremelimumab,Tremelimumab monotherapy for Non-Small Cell Lung Cancer.
NCT02352948,Planchard D et al (2),2020,32201234,ARCTIC,Non-Small Cell Lung,Durvalumab+Tremelimumab,Durvalumab plus Tremelimumab combination immunotherapy for Non-Small Cell Lung Cancer.
NCT03036488,Schmid P et al,2020,32101663,KEYNOTE-522,Breast,Pembrolizumab+Paclitaxel+Carboplatin,Pembrolizumab with Paclitaxel and Carboplatin combination therapy for breast cancer
NCT01274338,Tarhini AA et al,2020,31880964,E1609,Melanoma,Ipilimumab,Ipilimumab monotherapy for melanoma. 
NCT01274338,Tarhini AA et al,2020,31880964,E1609,Melanoma,Ipilimumab,Ipilimumab monotherapy for melanoma treatment.
NCT01274338,Tarhini AA et al (1),2020,31880964,E1609,Melanoma,Ipilimumab,Ipilimumab monotherapy for melanoma. 
NCT01274338,Tarhini AA et al (1),2020,31880964,E1609,Melanoma,Ipilimumab,Ipilimumab monotherapy for melanoma treatment.
NCT02523313,Zimmer L et al,2020,32416781,IMMUNED,Melanoma,Nivolumab,Nivolumab monotherapy for melanoma. 
NCT02523313,Zimmer L et al,2020,32416781,IMMUNED,Melanoma,Nivolumab,Nivolumab plus Ipilimumab combination immunotherapy for melanoma treatment.
NCT02523313,Zimmer L et al (1),2020,32416781,IMMUNED,Melanoma,Nivolumab+Ipilimumab,Nivolumab monotherapy for melanoma. 
NCT02523313,Zimmer L et al (1),2020,32416781,IMMUNED,Melanoma,Nivolumab+Ipilimumab,Nivolumab plus Ipilimumab combination immunotherapy for melanoma treatment.
NCT01896869,Wu AA et al,2020,32591464,,Pancreatic,Ipilimumab+GVAX,Ipilimumab plus GVAX immunotherapy for pancreatic cancer treatment.
NCT03066778,Rudin CM et al,2020,32468956,KEYNOTE-604,Small Cell Lung,Pembrolizumab+Etoposide+Platinum agent,"Pembrolizumab, Etoposide, and Platinum agent combination for Small Cell Lung Cancer"
NCT02453282,Rizvi NA et al,2020,32271377,MYSTIC,Non-Small Cell Lung,Durvalumab,Durvalumab monotherapy for non-small cell lung cancer (NSCLC)
NCT02453282,Rizvi NA et al,2020,32271377,MYSTIC,Non-Small Cell Lung,Durvalumab,Durvalumab plus Tremelimumab combination therapy for Non-Small Cell Lung Cancer
NCT02453282,Rizvi NA et al (1),2020,32271377,MYSTIC,Non-Small Cell Lung,Durvalumab+Tremelimumab,Durvalumab monotherapy for non-small cell lung cancer (NSCLC)
NCT02453282,Rizvi NA et al (1),2020,32271377,MYSTIC,Non-Small Cell Lung,Durvalumab+Tremelimumab,Durvalumab plus Tremelimumab combination therapy for Non-Small Cell Lung Cancer
NCT02231749,Motzer RJ et al,2020,32661118,CheckMate 214,Renal cell,Nivolumab+Ipilimumab,Nivolumab plus Ipilimumab combination therapy for renal cell carcinoma.
NCT02367794,Jotte R et al,2020,32302702,IMpower131,Non-Small Cell Lung,Atezolizumab+Carboplatin+Paclitaxel,"Atezolizumab, Carboplatin, and Paclitaxel combination therapy for Non-Small Cell Lung Cancer."
NCT02367794,Jotte R et al,2020,32302702,IMpower131,Non-Small Cell Lung,Atezolizumab+Carboplatin+Paclitaxel,"Atezolizumab, Carboplatin, and Nab-paclitaxel combination therapy for Non-Small Cell Lung Cancer."
NCT02367794,Jotte R et al (1),2020,32302702,IMpower131,Non-Small Cell Lung,Atezolizumab+Carboplatin+Nab-paclitaxel,"Atezolizumab, Carboplatin, and Paclitaxel combination therapy for Non-Small Cell Lung Cancer."
NCT02367794,Jotte R et al (1),2020,32302702,IMpower131,Non-Small Cell Lung,Atezolizumab+Carboplatin+Nab-paclitaxel,"Atezolizumab, Carboplatin, and Nab-paclitaxel combination therapy for Non-Small Cell Lung Cancer."
NCT02908672,Gutzmer R et al,2020,32534646,IMspire150,Melanoma,Atezolizumab+Vemurafenib+Cobimetinib,Atezolizumab with vemurafenib and cobimetinib combination therapy for melanoma
NCT02017717,Reardon DA et al,2020,32437507,CheckMate 143,Head and Neck,Nivolumab,Nivolumab monotherapy for recurrent or metastatic Head and Neck cancer
NCT02500121,Galsky MD et al,2020,32271672,,Urothelial,Pembrolizumab,Urothelial cancer treatment with Pembrolizumab.
NCT02807636,Galsky MD et al,2020,32416780,IMvigor130,Urothelial,Atezolizumab+Gemcitabine+Carboplatin or Cisplatin,Atezolizumab plus Gemcitabine and Carboplatin/Cisplatin for Urothelial cancer
NCT02807636,Galsky MD et al,2020,32416780,IMvigor130,Urothelial,Atezolizumab+Gemcitabine+Carboplatin or Cisplatin,Atezolizumab monotherapy for urothelial cancer
NCT02807636,Galsky MD et al (1),2020,32416780,IMvigor130,Urothelial,Atezolizumab,Atezolizumab plus Gemcitabine and Carboplatin/Cisplatin for Urothelial cancer
NCT02807636,Galsky MD et al (1),2020,32416780,IMvigor130,Urothelial,Atezolizumab,Atezolizumab monotherapy for urothelial cancer
NCT03434379,Finn RS et al,2020,32402160,IMbrave150,Hepatocellular,Atezolizumab+Bevacizumab,Atezolizumab and Bevacizumab combination therapy for Hepatocellular carcinoma
NCT02369874,Ferris RL et al,2020,32294530,EAGLE,Head and Neck,Durvalumab,Durvalumab monotherapy for head and neck cancer
NCT02369874,Ferris RL et al,2020,32294530,EAGLE,Head and Neck,Durvalumab,Durvalumab plus Tremelimumab combination immunotherapy for head and neck cancer.
NCT02369874,Ferris RL et al (1),2020,32294530,EAGLE,Head and Neck,Durvalumab+Tremelimumab,Durvalumab monotherapy for head and neck cancer
NCT02369874,Ferris RL et al (1),2020,32294530,EAGLE,Head and Neck,Durvalumab+Tremelimumab,Durvalumab plus Tremelimumab combination immunotherapy for head and neck cancer.
NCT02870920,Chen EX et al,2020,32379280,,Colorectal,Durvalumab+Tremelimumab+Best supportive care,Durvalumab and Tremelimumab with best supportive care for Colorectal cancer
NCT02574598,Arrieta O et al,2020,32271354,PROLUNG,Non-Small Cell Lung,Pembrolizumab+ Docetaxel,Pembrolizumab plus Docetaxel for Non-Small Cell Lung Cancer (NSCLC)
NCT01668784,Motzer RJ et al,2020,32673417,CheckMate 025,Renal cell,Nivolumab,Nivolumab monotherapy for renal cell carcinoma.
NCT02684006,Choueiri TK et al,2020,32339648,JAVELIN Renal 101,Renal cell,Avelumab+Axitinib,Avelumab plus Axitinib combination therapy for Renal Cell Carcinoma.
NCT02142738,Reck M et al,2016,27718847,Keynote-024,Non-Small Cell Lung,Pembrolizumab,Pembrolizumab monotherapy for treatment of Non-Small Cell Lung Cancer
NCT00094653,McDermott D et al,2013,23942774,MDX010-20,Melanoma,Ipilimumab,Ipilimumab monotherapy for melanoma; an immune checkpoint inhibitor.
NCT00094653,McDermott D et al,2013,23942774,MDX010-20,Melanoma,Ipilimumab,Ipilimumab plus Gp100 vaccine for melanoma treatment.
NCT00094653,McDermott D et al (1),2013,23942774,MDX010-20,Melanoma,Ipilimumab+Gp100 Vaccine,Ipilimumab monotherapy for melanoma; an immune checkpoint inhibitor.
NCT00094653,McDermott D et al (1),2013,23942774,MDX010-20,Melanoma,Ipilimumab+Gp100 Vaccine,Ipilimumab plus Gp100 vaccine for melanoma treatment.
NCT03051659,Tolaney SM et al,2020,32880602,,Breast,Pembrolizumab+Eribulin,Pembrolizumab plus Eribulin for breast cancer. 
NCT02494583,Shitara K et al,2020,32880601,Keynote-062,Gastric/GEJ,Pembrolizumab,Pembrolizumab monotherapy for gastric or GEJ cancer.
NCT02494583,Shitara K et al,2020,32880601,Keynote-062,Gastric/GEJ,Pembrolizumab,Pembrolizumab plus Cisplatin and 5-FU or Capecitabine chemotherapy
NCT02494583,Shitara K et al (1),2020,32880601,Keynote-062,Gastric/GEJ,Pembrolizumab+Cisplatin+5-FU+Capecitabine,Pembrolizumab monotherapy for gastric or GEJ cancer.
NCT02494583,Shitara K et al (1),2020,32880601,Keynote-062,Gastric/GEJ,Pembrolizumab+Cisplatin+5-FU+Capecitabine,Pembrolizumab plus Cisplatin and 5-FU or Capecitabine chemotherapy
NCT02819518,Cortes J et al,2020,33278935,MK-3475/Keynote-355,Breast,Pembrolizumab+nab-paclitaxel/paclitaxel/gemcitabine+ carboplatin,Pembrolizumab plus nab-paclitaxel/paclitaxel/gemcitabine+carboplatin for breast cancer
NCT02516241,Powles T et al,2020,32971005,DANUBE,Urothelial,Durvalumab,Durvalumab monotherapy for urothelial cancer.
NCT02516241,Powles T et al,2020,32971005,DANUBE,Urothelial,Durvalumab,Durvalumab plus Tremelimumab combination therapy for Urothelial cancer.
NCT02516241,Powles T et al (1),2020,32971005,DANUBE,Urothelial,Durvalumab+Tremelimumab,Durvalumab monotherapy for urothelial cancer.
NCT02516241,Powles T et al (1),2020,32971005,DANUBE,Urothelial,Durvalumab+Tremelimumab,Durvalumab plus Tremelimumab combination therapy for Urothelial cancer.
NCT03197935,Mittendorf EA et al,2020,32966830,IMpassion031,Breast,Atezolizumab+Nab-paclitaxel+Doxorubicin+Cyclophosphamide+Filgrastim/Pegfilgrastim,"Atezolizumab, Nab-paclitaxel, Doxorubicin, Cyclophosphamide, and Filgrastim/Pegfilgrastim."
NCT02603432,Powles T et al,2020,32945632,,Urothelial,Avelumab+Best Supportive Care,Avelumab plus best supportive care for urothelial cancer.
NCT02625610,Moehler M et al,2020,33197226,Javelin Gastric 100,Gastric/GEJ,Avelumab,Avelumab as first-line maintenance therapy for advanced gastric cancer.
NCT02899299,Baas P et al.,2021,33485464,CheckMate 743,Mesothelioma,Nivolumab+Ipilimumab,Nivolumab plus Ipilimumab combination immunotherapy for mesothelioma treatment.
NCT02409342,Herbst RS et al.,2020,32997907,IMpower110,Non-Small Cell Lung,Atezolizumab,Atezolizumab monotherapy for Non-Small Cell Lung Cancer
NCT02924883,Emens LA et al,2020,33002436,KATE2,Breast,Atezolizumab,Atezolizumab monotherapy for breast cancer in the KATE2 trial.
NCT02853331,Powles T et al. ,2020,33284113,Keynote-426,Renal cell,Pembrolizumab+Axitinib,Pembrolizumab plus Axitinib combination therapy for Renal cell cancer.
NCT02657434,Nishio M et al,2020,33333328,Impower 132,NSCLC,Atezolizumab+Carboplatin/Cisplatin+Pemetrexed,Atezolizumab plus Carboplatin/Cisplatin and Pemetrexed for NSCLC.
NCT02564263,Kojima T et al.,2020,33026938,KEYNOTE-181,Esophageal/GEJ,Pembrolizumab,Pembrolizumab monotherapy for Esophageal/GEJ cancer in KEYNOTE-181 trial.
NCT00861614,Fizazi K et al.,2020,32811715,CA184-043,Prostate,Ipilimumab,Ipilimumab monotherapy for prostate cancer.
NCT01721772,Robert C et al,2020,32997575,CheckMate 066,Melanoma,Nivolumab,Nivolumab monotherapy for melanoma.
NCT02130466,Ferrucci PF et al,2020,33361337,KEYNOTE-022,Melanoma,Pembrolizumab+Dabrafenib+Trametinib,"Pembrolizumab, Dabrafenib, and Trametinib combination therapy for Melanoma."
NCT03043872,Goldman JW et al,2020,33285097,CASPIAN,Small Cell Lung,Durvalumab+Tremelimumab+Etoposide+Platinum agent,Durvalumab + Tremelimumab + Etoposide + Platinum chemotherapy combination.
NCT03043872,Goldman JW et al,2020,33285097,CASPIAN,Small Cell Lung,Durvalumab+Tremelimumab+Etoposide+Platinum agent,Durvalumab plus etoposide and platinum agent for small cell lung cancer.
NCT03043872,Goldman JW et al (1),2020,33285097,CASPIAN,Small Cell Lung,Durvalumab+Etoposide+Platinum agent,Durvalumab + Tremelimumab + Etoposide + Platinum chemotherapy combination.
NCT03043872,Goldman JW et al (1),2020,33285097,CASPIAN,Small Cell Lung,Durvalumab+Etoposide+Platinum agent,Durvalumab plus etoposide and platinum agent for small cell lung cancer.
NCT02991482,Popat S et al. ,2020,32976938,PROMISE-meso,Mesothelioma,Pembrolizumab,Pembrolizumab monotherapy for mesothelioma; an immune checkpoint inhibitor regimen.
NCT02563002,Andre T et al.,2020,33264544,MK-3475/Keynote-177,Colorectal,Pembrolizumab,Pembrolizumab monotherapy for colorectal cancer; anti-PD-1 immunotherapy.
NCT02362594,Eggermont AMM et al,2020,32946353,EORTC 1325-MG/KEYNOTE-054,Melanoma,Pembrolizumab,Pembrolizumab monotherapy for melanoma; adjuvant treatment post-resection.
NCT00636168,Eggermont AMM et al,2015,25840693,,Melanoma,Ipilimumab,Ipilimumab monotherapy for melanoma patients.
NCT01903993,Mazieres J et al,2020,33166718,POPLAR,Non-Small Cell Lung,Atezolizumab,Atezolizumab monotherapy for Non-Small Cell Lung Cancer
NCT02008227,Mazieres J et al,2020,33166718,OAK,Non-Small Cell Lung,Atezolizumab,Atezolizumab monotherapy for Non-Small Cell Lung Cancer
NCT02811861,Motzer R et al,2021,33616314,CLEAR,Renal cell,Pembrolizumab+Lenvatinib,Pembrolizumab plus Lenvatinib combination therapy for Renal cell carcinoma.
NCT03215706,Paz-Ares L et al,2021,33476593,CheckMate 9LA,Non-Small Cell Lung,Nivolumab+Ipilimumab+Chemotherapy,"Nivolumab, Ipilimumab plus chemotherapy for Non-Small Cell Lung Cancer"
NCT02481830,Spigel DR et al,2021,33539946,CheckMate 331,Small Cell Lung,Nivolumab,Nivolumab monotherapy for small cell lung cancer.
NCT03141177,Choueiri TK et al,2021,33657295,CheckMate 9ER,Renal cell,Nivolumab+Cabozantinib,Nivolumab plus cabozantinib combination therapy for renal cell carcinoma.
NCT02538666,Owonikoko TK et al,2021,33683919,CheckMate 451,Small Cell Lung,Nivolumab+Ipilimumab,Nivolumab plus Ipilimumab combination immunotherapy for small cell lung cancer.
NCT02538666,Owonikoko TK et al,2021,33683919,CheckMate 451,Small Cell Lung,Nivolumab+Ipilimumab,Nivolumab monotherapy for small cell lung cancer; CheckMate 451 trial.
NCT02538666,Owonikoko TK et al,2021,33683919,CheckMate 451,Small Cell Lung,Nivolumab,Nivolumab plus Ipilimumab combination immunotherapy for small cell lung cancer.
NCT02538666,Owonikoko TK et al,2021,33683919,CheckMate 451,Small Cell Lung,Nivolumab,Nivolumab monotherapy for small cell lung cancer; CheckMate 451 trial.
NCT02299999,Bachelot T et al,2021,33462450,SAFIR02-BREAST IMMUNO,Breast,Durvalumab,Durvalumab monotherapy for breast cancer
NCT02684292,Kuruvilla J et al,2021,33721562,Keynote-204,Hodgkin Lymphoma,Pembrolizumab,Pembrolizumab monotherapy for Hodgkin Lymphoma. 
NCT02450331,Bellmunt J et al,2021,33721560,Imvigor010,Urothelial,Atezolizumab,Atezolizumab monotherapy for urothelial cancer; PD-L1 inhibitor
NCT02555657,Winer PE et al,2021,33676601,Keynote-119,Breast,Pembrolizumab,Pembrolizumab monotherapy for breast cancer.
NCT03088540,Sezer A et al,2021,33581821,EMPOWER-Lung 1,Non-Small Cell Lung,Cemiplimab,Cemiplimab monotherapy for non-small cell lung cancer (NSCLC).
NCT02852083,Heudobler D et al,2021,33796020,ModuLung,Non-Small Cell Lung,Nivolumab,Nivolumab monotherapy for Non-Small Cell Lung Cancer.
NCT02952586,Lee NY et al,2021,33794205,JAVELIN Head and Neck 101,Head and Neck,Avelumab+Chemoradiotherapy,Avelumab in combination with chemoradiotherapy for head and neck cancer.
NCT02743494,Kelly RJ,2021,33789008,CheckMate 577,,Nivolumab,Nivolumab monotherapy
NCT02999087,Tao Y et al.,2021,33125944,REACH,Head and Neck,Avelumab+cetuximab+radiotherapy,"Avelumab, cetuximab, and radiotherapy for head and neck cancer."
