Type,Page,Content
text,1,original reports
text,1,"Darolutamide Plus Androgen-Deprivation
Therapy and Docetaxel in Metastatic
Hormone-Sensitive Prostat"
text,1,"Maha Hussain, MD1; Bertrand Tombal, MD, PhD2; Fred Saad, MD3; Karim Fizazi, MD, PhD4; Cora N. Sternb"
text,1,abstract
text,1,"PURPOSE For patients with metastatic hormone-sensitive prostate cancer, metastatic burden affects ou"
text,1,METHODS Patients with metastatic hormone-sensitive prostate cancer were randomly assigned to darolut
text,1,"RESULTS Of 1,305 patients, 1,005 (77%) had high-volume disease and 912 (70%) had high-risk disease. "
text,1,CONCLUSION In patients with high-volume and high-risk/low-risk metastatic hormone-sensitive prostate
text,1,J Clin Oncol 00. © 2023 by American Society of Clinical Oncology
text,1,INTRODUCTION
text,1,"In patients with metastatic hormone-sensitive prostate
cancer, early treatment intensiﬁcation with a"
text,1,"with ADT and docetaxel versus ADT and docetaxel
alone (hazard ratio [HR], 0.75; 95% CI, 0.59 to 0.95"
text,1,"The ENZAMET trial allowed for early administration of
docetaxel with enzalutamide.7 Among patients w"
text,1,"ASSOCIATED
CONTENT"
text,1,Appendix
text,1,Protocol
text,1,"Author afﬁliations
and support
information (if
applicable) appear
at the end of this
article."
text,1,"Accepted on January
19, 2023 and
published at
ascopubs.org/journal/
jco on February 16,
2023: DOI ht"
text,1,"1
Downloaded from ascopubs.org by Mayo Foundation--Rochester on June 12, 2023 from 129.176.151.029"
text,1,Copyright © 2023 American Society of Clinical Oncology. All rights reserved.
text,2,"Timing of metastatic presentation and disease volume and
risk have been used to assess prognosis in "
text,2,"In ARASENS, the treatment effect of darolutamide on OS
was favorable in patients with de novo (HR, 0"
text,2,"When ARASENS was designed, the ﬁnal analysis of
CHAARTED had not been reported nor had data from
LAT"
text,2,METHODS
text,2,Trial Design
text,2,"ARASENS was a randomized, double-blind, placebo-
controlled, phase III trial conducted at 286 center"
text,2,"countries between November 2016 and June 2018. Com-
plete study design and methodology have been pub"
text,2,"The trial met ethical and clinical practice guidelines with
approval from the institutional review b"
text,2,"In brief, adult patients were eligible for enrollment into
ARASENS if they had metastatic prostate c"
text,2,"For this analysis, patient subgroups on the basis of disease
volume and disease risk were assessed. "
text,2,CONTEXT
text,2,"Key Objective
We evaluated efﬁcacy and safety outcomes from ARASENS in patients with metastatic horm"
text,2,"*Relevance section written by JCO Associate Editor Michael A. Carducci, MD."
text,2,2 © 2023 by American Society of Clinical Oncology
text,2,Hussain et al
text,2,"Downloaded from ascopubs.org by Mayo Foundation--Rochester on June 12, 2023 from 129.176.151.029"
text,2,Copyright © 2023 American Society of Clinical Oncology. All rights reserved.
text,3,"respective high-volume and high-risk criteria. High-volume/
high-risk groups further included patien"
text,3,Study Assessments
text,3,"OS was the primary end point. Secondary efﬁcacy end points
included time to castration-resistant pro"
text,3,"Institute Common Terminology Criteria for Adverse Events,
version 4.03."
text,3,Statistical Analysis
text,3,"This subgroup analysis used Kaplan-Meier estimates to
determine medians and 95% CIs. Treatment group"
text,3,RESULTS
text,3,Patient Characteristics
text,3,"As previously reported, a total of 1,306 patients were
randomly assigned, and 1,305 patients were in"
text,3,"Patients randomly assigned
(N = 1,306)"
text,3,"Darolutamide + docetaxel + ADT
  Received allocated treatment
  Did not receive allocated treatment"
text,3,"(n = 651)
(n = 651)
(n = 0)"
text,3,"Placebo + docetaxel + ADT
  Excluded for GCP violation
  Received allocated treatment
    Did not re"
text,3,"(n = 655)
(n = 1)
(n = 651)"
text,3,"(n = 2)
(n = 1)"
text,3,"Analyzed for primary end point            (n = 651c)
Analyzed for safety                            "
text,3,"Analyzed for primary end point           (n = 654c)
Analyzed for safety                             "
text,3,"Patients screened (N = 1,686)"
text,3,"Discontinued
  Primary reason for discontinuation
    Disease progression, clinical
    Disease prog"
text,3,(n = 526)
text,3,"(n = 272)
(n = 132)
(n = 53)
(n = 5)
(n = 35)
(n = 6)
(n = 23)"
text,3,"Discontinued
  Primary reason for discontinuation
    Disease progression, clinical
    Disease prog"
text,3,(n = 352)
text,3,"(n = 127)
(n = 84)
(n = 72)
(n = 8)
(n = 25)
(n = 3)
(n = 33)"
text,3,"Not eligible                       (n = 380)
  Screen failurea"
text,3,"Withdrawal by patient
  AE
  Physician’s decision
  Other"
text,3,"(n = 309)
(n = 43)
(n = 4)
(n = 2)
(n = 22)"
text,3,FIG 1. CONSORT ﬂow diagram. aPatient had signed informed consent but did not meet inclusion/exclusio
text,3,"bOther includes noncompliance, additional primary malignancy, lost to follow-up, protocol violation,"
text,3,"Journal of Clinical Oncology
3"
text,3,"Darolutamide, ADT, and Docetaxel in mHSPC Volume/Risk Subgroups"
text,3,"Downloaded from ascopubs.org by Mayo Foundation--Rochester on June 12, 2023 from 129.176.151.029"
text,3,Copyright © 2023 American Society of Clinical Oncology. All rights reserved.
text,4,"the full analysis set of ARASENS (Fig 1). Of them, 1,005
(77%) patients had high-volume disease and "
text,4,"Patients receiving darolutamide had longer duration
of treatment versus those receiving placebo in h"
text,4,Primary End Point
text,4,"OS. A beneﬁt in OS was shown with darolutamide
compared with placebo for patients with high-volume
d"
text,4,"The improvement in survival with darolutamide was ob-
served despite more than 70% of patients in th"
text,4,"In both high-risk and low-risk metastatic hormone-sensitive
prostate cancer subgroups, darolutamide "
text,4,Secondary Efﬁcacy End Points
text,4,"Darolutamide prolonged time to castration resistance
compared with placebo in patients with high-vol"
text,4,"Safety. The incidence of AEs was similar between treat-
ment groups across all high-volume and low-v"
text,4,DISCUSSION
text,4,"Two previous studies have investigated the combination of
an androgen receptor pathway inhibitor wit"
text,4,4 © 2023 by American Society of Clinical Oncology
text,4,Hussain et al
text,4,"Downloaded from ascopubs.org by Mayo Foundation--Rochester on June 12, 2023 from 129.176.151.029"
text,4,Copyright © 2023 American Society of Clinical Oncology. All rights reserved.
text,5,TABLE 1. Baseline Demographics and Patient Characteristics for the Subgroups of Patients by Disease 
text,5,Characteristic at Baseline
text,5,"High Volumea
Low Volumea
High Riskb
Low Riskb"
text,5,"All Patients
(N 5 1,305)
Darolutamide
(n 5 497)
Placebo
(n 5 508)
Darolutamide
(n 5 154)
Placebo
(n "
text,5,"Age, median, years (range)
67.0 (41-89)
67.0 (44-86)
67.0 (41-84)
67.5 (42-81)
67.0 (41-86)
67.0 (44"
text,5,"ECOG PS,c No. (%)"
text,5,"0
343 (69.0)
349 (68.7)
123 (79.9)
113 (77.4)
317 (70.1)
318 (69.1)
149 (74.9)
144 (74.2)
928 (71.1)"
text,5,"1
154 (31.0)
157 (30.9)
31 (20.1)
33 (22.6)
135 (29.9)
140 (30.4)
50 (25.1)
50 (25.8)
375 (28.7)"
text,5,"Missing
0
2 (0.4)
0
0
0
2 (0.4)
0
0
2 (0.2)"
text,5,"Gleason score at initial diagnosis,d No. (%)"
text,5,", 8
96 (19.3)
87 (17.1)
26 (16.9)
31 (21.2)
16 (3.5)
16 (3.5)
106 (53.3)
102 (52.6)
240 (18.4)"
text,5,"$ 8
381 (76.7)
403 (79.3)
124 (80.5)
113 (77.4)
428 (94.7)
440 (95.7)
77 (38.7)
76 (39.2)
1,021 (78."
text,5,"Missing
20 (4.0)
18 (3.5)
4 (2.6)
2 (1.4)
8 (1.8)
4 (0.9)
16 (8.0)
16 (8.2)
44 (3.4)"
text,5,"Metastasis stage at initial diagnosis, No. (%)"
text,5,"De novo mHSPC
432 (86.9)
445 (87.6)
126 (81.8)
121 (82.9)
416 (92.0)
419 (91.1)
142 (71.4)
147 (75.8"
text,5,"Recurrent mHSPC
58 (11.7)
59 (11.6)
28 (18.2)
23 (15.8)
33 (7.3)
39 (8.5)
53 (26.6)
43 (22.2)
168 (1"
text,5,"Missing
7 (1.4)
4 (0.8)
0
2 (1.4)
3 (0.7)
2 (0.4)
4 (2.0)
4 (2.1)
13 (1.0)"
text,5,"Metastasis stage at screening, No. (%)"
text,5,"M1a, nonregional LN only
0
0
23 (14.9)
15 (10.3)
0
0
23 (11.6)
15 (7.7)
38 (2.9)"
text,5,"M1b, bone metastases 6 LN
386 (77.7)
390 (76.8)e
131 (85.1)
131 (89.7)
345 (76.3)
354 (77.0)e
172 (8"
text,5,"M1c, visceral metastases 6 LN or bone
111 (22.3)
118 (23.2)
0
0
107 (23.7)
106 (23.0)
4 (2.0)
12 (6."
text,5,"Serum PSA level,f ng/mL, median (range)
38.7 (0-9,219.0)
27.9 (0-11,947.0)
11.7 (0-3,771.0)
14.5 (0-"
text,5,"Serum ALP level,f U/L, median (range)
199.0 (46-4,885)
172.0 (41-7,680)
84.5 (40-2,116)
87.5 (36-735"
text,5,"ALP , ULN, No. (%)
168 (33.8)
176 (34.6)
122 (79.2)
115 (78.8)
165 (36.5)
166 (36.1)
125 (62.8)
125 "
text,5,"ALP $ ULN, No. (%)
329 (66.2)
332 (65.4)
32 (20.8)
31 (21.2)
287 (63.5)
294 (63.9)
74 (37.2)
69 (35."
text,5,"Abbreviations: ADT, androgen-deprivation therapy; ALP, alkaline phosphatase; ECOG PS, Eastern Cooper"
text,5,aDisease volume deﬁned by CHAARTED criteria: presence of visceral metastases or $ 4 bone metastases 
text,5,bDisease risk deﬁned by LATITUDE criteria (two of the following three factors): Gleason score of $ 8
text,5,"cECOG PS scores range from 0 to 5, with higher scores indicating greater disability."
text,5,"dGleason scores for the histologic pattern of carcinoma range from 6 to 10, with higher scores indic"
text,5,fThese values were centrally assessed. Samples were obtained while patients were receiving ADT.
text,5,"Journal of Clinical Oncology
5"
text,5,"Darolutamide, ADT, and Docetaxel in mHSPC Volume/Risk Subgroups"
text,5,"Downloaded from ascopubs.org by Mayo Foundation--Rochester on June 12, 2023 from 129.176.151.029"
text,5,Copyright © 2023 American Society of Clinical Oncology. All rights reserved.
text,6,"with high-volume disease, with a risk reduction of 28%
(HR, 0.72; 95.1% CI, 0.55 to 0.95). The risk "
text,6,"The results of this post hoc analysis of the ARASENS trial, in
which all patients received docetaxel"
text,6,Time (months)
text,6,"HR for death, 0.69
(95% CI, 0.57 to 0.82)"
text,6,"Placebo + ADT + docetaxel
Median, 42.4 months (95% CI, 39.7 to 46.0)"
text,6,"Darolutamide + ADT + docetaxel
Median, NE (95% CI, 50.3 months to NE)"
text,6,No. of high-volume patients at risk:
text,6,"Darolutamide
497 494 486 479 462 449 429 408 389 378 356 341 326 312 285 193 103 43
6
0
0"
text,6,"0
1
4
23
153 72
233
269
286
304
319
341
358
378
401
430
444
469
491
502
508
Placebo"
text,6,"0
3
6
9 12 15 18 21 24 27 30 33 36 39 42 45 48 51 54 57 60"
text,6,Patients Who Survived (%)
text,6,100
text,6,90
text,6,80
text,6,70
text,6,60
text,6,50
text,6,30
text,6,40
text,6,20
text,6,10
text,6,A
text,6,Time (months)
text,6,"HR for death, 0.68
(95% CI, 0.41 to 1.13)"
text,6,"Placebo + ADT + docetaxel
Median, NE (95% CI, NE to NE)"
text,6,"Darolutamide + ADT + docetaxel
Median, NE (95% CI, NE to NE)"
text,6,No. of low-volume patients at risk:
text,6,"154 151 151 148 146 144 141 140 136 131 130 127 126 124 117 74
36
13
3
0"
text,6,"0
2
14
65
35
107
114
116
120
122
129
130
132
134
135
136
138
139
144
146"
text,6,Patients Who Survived (%)
text,6,"0
3
6
9 12 15 18 21 24 27 30 33 36 39 42 45 48 51 54 57"
text,6,100
text,6,90
text,6,80
text,6,70
text,6,60
text,6,50
text,6,30
text,6,40
text,6,20
text,6,10
text,6,Darolutamide
text,6,Placebo
text,6,B
text,6,Time (months)
text,6,"HR for death, 0.71
(95% CI, 0.58 to 0.86)"
text,6,"Placebo + ADT + docetaxel
Median, 43.2 months (95% CI, 40.0 to 48.9)"
text,6,"Darolutamide + ADT + docetaxel
Median, NE (95% CI, NE to NE)"
text,6,No. of high-risk patients at risk:
text,6,"452 450 443 437 419 407 389 369 352 344 322 308 294 282 257 177 99
42
6
0"
text,6,"0
3
24
148 72
215
245
261
277
290
313
330
346
367
392
400
423
443
453
460"
text,6,Patients Who Survived (%)
text,6,"0
3
6
9 12 15 18 21 24 27 30 33 36 39 42 45 48 51 54 57"
text,6,100
text,6,90
text,6,80
text,6,70
text,6,60
text,6,50
text,6,30
text,6,40
text,6,20
text,6,10
text,6,Darolutamide
text,6,Placebo
text,6,C
text,6,Time (months)
text,6,"HR for death, 0.62
(95% CI, 0.42 to 0.90)"
text,6,"Placebo + ADT + docetaxel
Median, NE (95% CI, NE to NE)"
text,6,"Darolutamide + ADT + docetaxel
Median, NE (95% CI, NE to NE)"
text,6,No. of low-risk patients at risk:
text,6,"199 195 194 190 189 186 181 179 173 165 164 160 158 154 145 90
40
14
3
0
0"
text,6,"0
1
3
13
70
35
125
138
141
147
151
157
158
164
168
173
180
184
187
193
194"
text,6,Patients Who Survived (%)
text,6,"0
3
6
9 12 15 18 21 24 27 30 33 36 39 42 45 48 51 54 57 60"
text,6,100
text,6,90
text,6,80
text,6,70
text,6,60
text,6,50
text,6,30
text,6,40
text,6,20
text,6,10
text,6,Darolutamide
text,6,Placebo
text,6,D
text,6,"FIG 2. OS in subgroups of patients by (A) high-volume disease, (B) low-volume disease, (C) high-risk"
text,6,6 © 2023 by American Society of Clinical Oncology
text,6,Hussain et al
text,6,"Downloaded from ascopubs.org by Mayo Foundation--Rochester on June 12, 2023 from 129.176.151.029"
text,6,Copyright © 2023 American Society of Clinical Oncology. All rights reserved.
text,7,"below one across all volume and risk subgroups, with
greater variability in the low-volume and low-r"
text,7,"The favorable safety proﬁle of darolutamide was conﬁrmed
in the subgroups of patients by disease vol"
text,7,"treatment longer than those receiving placebo in all sub-
groups by disease volume and risk, indicat"
text,7,Time (months)
text,7,"HR for disease progression, 0.41
(95% CI, 0.34 to 0.49)"
text,7,"Placebo + ADT + docetaxel
Median, 16.4 months (95% CI, 13.9 to 19.3)"
text,7,"Darolutamide + ADT + docetaxel
Median, NE (95% CI, 41.5 months to NE)"
text,7,No. of high-volume patients at risk:
text,7,"497 469 428 401 365 337 313 284 266 246 231 220 205 195 147 89
38
13
2
0"
text,7,"0
1
3
26
11
52
70
79
89
95
115
128
149
169
202
247
312
408
474
508"
text,7,"Patients Who Did Not
Progress to Castration-
Resistant Prostate Cancer (%)"
text,7,"0
3
6
9 12 15 18 21 24 27 30 33 36 39 42 45 48 51 54 57"
text,7,100
text,7,90
text,7,80
text,7,70
text,7,60
text,7,50
text,7,30
text,7,40
text,7,20
text,7,10
text,7,Darolutamide
text,7,Placebo
text,7,A
text,7,Time (months)
text,7,"HR for disease progression, 0.21
(95% CI, 0.14 to 0.33)"
text,7,"Placebo + ADT + docetaxel
Median, 25.8 months (95% CI, 22.1 to 35.9)"
text,7,"Darolutamide + ADT + docetaxel
Median, NE (95% CI, NE to NE)"
text,7,No. of low-volume patients at risk:
text,7,"154 147 139 136 131 128 120 117 114 112 109 105 103 97
64
43
16
5
3
0"
text,7,"0
0
1
12
3
27
35
41
45
48
50
57
66
73
87
101
113
125
139
146"
text,7,"Patients Who Did Not
Progress to Castration-
Resistant Prostate Cancer (%)"
text,7,"0
3
6
9 12 15 18 21 24 27 30 33 36 39 42 45 48 51 54 57"
text,7,100
text,7,90
text,7,80
text,7,70
text,7,60
text,7,50
text,7,30
text,7,40
text,7,20
text,7,10
text,7,Darolutamide
text,7,Placebo
text,7,B
text,7,"Patients Who Did Not
Progress to Castration-
Resistant Prostate Cancer (%)"
text,7,Time (months)
text,7,"HR for disease progression, 0.38
(95% CI, 0.32 to 0.46)"
text,7,"Placebo + ADT + docetaxel
Median, 16.1 months (95% CI, 13.8 to 17.0)"
text,7,"Darolutamide + ADT + docetaxel
Median, NE (95% CI, 43.9 months to NE)"
text,7,No. of high-risk patients at risk:
text,7,"452 427 391 363 331 306 284 261 246 229 215 205 192 182 137 85
39
12
3
0"
text,7,"0
0
2
22
9
46
59
67
77
83
98
111
130
147
179
223
283
367
429
460"
text,7,"0
3
6
9 12 15 18 21 24 27 30 33 36 39 42 45 48 51 54 57"
text,7,100
text,7,90
text,7,80
text,7,70
text,7,60
text,7,50
text,7,30
text,7,40
text,7,20
text,7,10
text,7,Darolutamide
text,7,Placebo
text,7,C
text,7,"Patients Who Did Not
Progress to Castration-
Resistant Prostate Cancer (%)"
text,7,Time (months)
text,7,"HR for disease progression, 0.32
(95% CI, 0.23 to 0.45)"
text,7,"Placebo + ADT + docetaxel
Median, 25.1 months (95% CI, 21.8 to 30.3)"
text,7,"Darolutamide + ADT + docetaxel
Median, NE (95% CI, NE to NE)"
text,7,No. of low-risk patients at risk:
text,7,"199 189 176 174 165 159 149 140 134 129 125 120 116 110 74
47
15
6
2
0"
text,7,"0
1
2
16
5
33
46
53
57
60
67
74
85
95
110
125
142
166
184
194"
text,7,"0
3
6
9 12 15 18 21 24 27 30 33 36 39 42 45 48 51 54 57"
text,7,100
text,7,90
text,7,80
text,7,70
text,7,60
text,7,50
text,7,30
text,7,40
text,7,20
text,7,10
text,7,Darolutamide
text,7,Placebo
text,7,D
text,7,FIG 3. Time to castration-resistant prostate cancer in subgroups of patients by (A) high-volume dise
text,7,"Journal of Clinical Oncology
7"
text,7,"Darolutamide, ADT, and Docetaxel in mHSPC Volume/Risk Subgroups"
text,7,"Downloaded from ascopubs.org by Mayo Foundation--Rochester on June 12, 2023 from 129.176.151.029"
text,7,Copyright © 2023 American Society of Clinical Oncology. All rights reserved.
text,8,TABLE 2. Secondary Efﬁcacy End Points for the Subgroups of Patients by Disease Volume and Disease Ri
text,8,"End Point, Median Months"
text,8,"High Volumea
Low Volumea
High Riskb
Low Riskb
All Patients9 (N 5 1,305)"
text,8,"Darolutamide
(n 5 497)
Placebo
(n 5 508)
Darolutamide
(n 5 154)
Placebo
(n 5 146)
Darolutamide
(n 5 "
text,8,"Time to CRPC
NR
16.4
NR
25.8
NR
16.1
NR
25.1
NR
19.1"
text,8,"No. (%)c
198 (40)
315 (62)
27 (18)
76 (52)
175 (39)
289 (63)
50 (25)
102 (53)
225 (35)
391 (60)"
text,8,"HR (95% CI)
0.41 (0.34 to 0.49)
0.21 (0.14 to 0.33)
0.38 (0.32 to 0.46)
0.32 (0.23 to 0.45)
0.36 (0."
text,8,"Time to pain progression
NR
24.4
46.1
39.5
35.4
25.0
NR
28.8
NR
27.5"
text,8,"No. (%)c
161 (32)
192 (38)
61 (40)
56 (38)
155 (34)
173 (38)
67 (34)
75 (39)
222 (34)
248 (38)"
text,8,"HR (95% CI)
0.75 (0.61 to 0.93)
0.94 (0.66 to 1.36)
0.81 (0.65 to 1.01)
0.76 (0.55 to 1.06)
0.79 (0."
text,8,"SSE-free survival
46.1
35.7
NR
NR
47.1
35.8
NR
46.7
51.2
39.7"
text,8,"No. (%)c
225 (45)
287 (57)
32 (21)
42 (29)
205 (45)
257 (56)
52 (26)
72 (37)
257 (40)
329 (50)"
text,8,"HR (95% CI)
0.63 (0.53 to 0.75)
0.61 (0.38 to 0.96)
0.65 (0.54 to 0.78)
0.55 (0.39 to 0.79)
0.61 (0."
text,8,"Time to ﬁrst SSE
NR
NR
NR
NR
NR
NR
NR
NR
NR
NR"
text,8,"No. (%)c
82 (17)
96 (19)
13 (8)
12 (8)
78 (17)
79 (17)
17 (9)
29 (15)
95 (15)
108 (17)"
text,8,"HR (95% CI)
0.71 (0.53 to 0.96)
0.89 (0.40 to 1.95)
0.84 (0.61 to 1.15)
0.46 (0.25 to 0.84)
0.71 (0."
text,8,"Time to subsequent
antineoplastic therapy
NR
22.7
NR
42.5
NR
21.3
NR
39.0
NR
25.3"
text,8,"No. (%)c
187 (38)
324 (64)
32 (21)
71 (49)
173 (38)
299 (65)
46 (23)
96 (49)
219 (34)
395 (60)"
text,8,"HR (95% CI)
0.40 (0.34 to 0.49)
0.34 (0.22 to 0.52)
0.40 (0.33 to 0.48)
0.36 (0.26 to 0.52)
0.39 (0."
text,8,"Time to worsening disease-
related symptoms
22.0
22.1
11.1
11.2
19.3
16.7
19.4
24.6
19.3
19.4"
text,8,"No. (%)c
259 (52)
229 (45)
92 (60)
79 (54)
241 (53)
217 (47)
110 (55)
91 (47)
351 (54)
308 (47)"
text,8,"HR (95% CI)
1.05 (0.88 to 1.25)
1.04 (0.77 to 1.40)
1.01 (0.84 to 1.22)
1.13 (0.86 to 1.50)
1.04 (0."
text,8,"Time to opioid use $ 7
days
NR
NR
NR
NR
NR
NR
NR
NR
NR
NR"
text,8,"No. (%)c
74 (15)
106 (21)
18 (12)
11 (8)
68 (15)
94 (20)
24 (12)
23 (12)
92 (14)
117 (18)"
text,8,"HR (95% CI)
0.63 (0.47 to 0.85)
1.46 (0.69 to 3.10)
0.66 (0.48 to 0.90)
0.94 (0.53 to 1.66)
0.69 (0."
text,8,"Abbreviations: CRPC, castration-resistant prostate cancer; mo, months; HR, hazard ratio; NR, not rea"
text,8,aDisease volume deﬁned by CHAARTED criteria: presence of visceral metastases or $ 4 bone metastases 
text,8,bDisease risk deﬁned by LATITUDE criteria (two of the following three factors): Gleason score of $ 8
text,8,cNo. of patients with an event.
text,8,8 © 2023 by American Society of Clinical Oncology
text,8,Hussain et al
text,8,"Downloaded from ascopubs.org by Mayo Foundation--Rochester on June 12, 2023 from 129.176.151.029"
text,8,Copyright © 2023 American Society of Clinical Oncology. All rights reserved.
text,9,TABLE 3. Treatment-Emergent AEs in the Subgroups of Patients by Disease Volume and Disease Risk in A
text,9,AE
text,9,"High Volumea
Low Volumea
High Riskb
Low Riskb
All Patients9 (N 5 1302c)"
text,9,"Darolutamide
(n 5 498)
Placebo
(n 5 506)
Darolutamide
(n 5 154)
Placebo
(n 5 144)
Darolutamide
(n 5 "
text,9,"Any AE
496 (99.6)
500 (98.8)
153 (99.4)
143 (99.3)
450 (99.3)
451 (98.7)
199 (100)
192 (99.5)
649 (9"
text,9,Worst grade
text,9,"Grade 1
21 (4.2)
23 (4.5)
7 (4.5)
12 (8.3)
19 (4.2)
20 (4.4)
9 (4.5)
15 (7.8)
28 (4.3)
35 (5.4)"
text,9,"Grade 2
130 (26.1)
132 (26.1)
32 (20.8)
37 (25.7)
107 (23.6)
118 (25.8)
55 (27.6)
51 (26.4)
162 (24."
text,9,"Grade 3
188 (37.8)
189 (37.4)
60 (39.0)
43 (29.9)
169 (37.3)
167 (36.5)
79 (39.7)
65 (33.7)
248 (38."
text,9,"Grade 4
135 (27.1)
136 (26.9)
48 (31.2)
45 (31.3)
137 (30.2)
127 (27.8)
46 (23.1)
54 (28.0)
183 (28."
text,9,"Grade 5 (death)d
21 (4.2)
20 (4.0)
6 (3.9)
6 (4.2)
17 (3.8)
19 (4.2)
10 (5.0)
7 (3.6)
27 (4.1)
26 (4"
text,9,"Serious AE
226 (45.4)
220 (43.5)
66 (42.9)
55 (38.2)
205 (45.3)
196 (42.9)
87 (43.7)
79 (40.9)
292 ("
text,9,"AE leading to
permanent
discontinuation
of trial agent"
text,9,"Darolutamide or
placebo
66 (13.3)
54 (10.7)
22 (14.3)
15 (10.4)
58 (12.8)
45 (9.8)
30 (15.1)
24 (12."
text,9,"Docetaxel
39 (7.8)
54 (10.7)
13 (8.4)
13 (9.0)
38 (8.4)
45 (9.8)
14 (7.0)
22 (11.4)
52 (8.0)
67 (10."
text,9,"Most common AEs
($ 25%), No.
(%)/EAIR"
text,9,"Alopecia
192 (38.6)/15.3
202 (39.9)/23.1
72 (46.8)/15.2
62 (43.1)/18.9
191 (42.2)/16.6
183 (40.0)/23"
text,9,"Neutropeniae
197 (39.6)
199 (39.3)
59 (38.3)
53 (36.8)
192 (42.4)
182 (39.8)
64 (32.2)
70 (36.3)
256"
text,9,"Fatigue
166 (33.3)/13.2
165 (32.6)/18.9
50 (32.5)/10.6
49 (34.0)/15.0
141 (31.1)/12.3
130 (28.4)/16."
text,9,"Anemia
140 (28.1)/11.1
132 (26.1)/15.1
41 (26.6)/8.7
31 (21.5)/9.5
134 (29.6)/11.7
105 (23.0)/13.4
4"
text,9,"Peripheral edema
136 (27.3)/10.8
138 (27.3)/15.8
37 (24.0)/7.8
31 (21.5)/9.5
119 (26.3)/10.4
123 (26"
text,9,"Arthralgia
134 (26.9)/10.7
134 (26.5)/15.3
44 (28.6)/9.3
40 (27.8)/12.2
125 (27.6)/10.9
118 (25.8)/1"
text,9,"Diarrhea
120 (24.1)/9.5
114 (22.5)/13.0
47 (30.5)/9.9
42 (29.2)/12.8
111 (24.5)/9.7
98 (21.4)/12.5
5"
text,9,"Abbreviatios: AE, adverse event; EAIR, exposure-adjusted incidence rate."
text,9,aDisease volume deﬁned by CHAARTED criteria: presence of visceral metastases or $ 4 bone metastases 
text,9,bDisease risk deﬁned by LATITUDE criteria (two of the following three factors): Gleason score of $ 8
text,9,cThree patients who underwent random assignment never received the assigned trial treatment; all thr
text,9,dSpeciﬁc grade 5 events are provided in the supplementary appendix of Smith et al.9
text,9,"eNeutropenia includes preferred terms of leukopenia, neutropenia, decreased neutrophil count, and de"
text,9,"Journal of Clinical Oncology
9"
text,9,"Darolutamide, ADT, and Docetaxel in mHSPC Volume/Risk Subgroups"
text,9,"Downloaded from ascopubs.org by Mayo Foundation--Rochester on June 12, 2023 from 129.176.151.029"
text,9,Copyright © 2023 American Society of Clinical Oncology. All rights reserved.
text,10,TABLE 4. AEs of Special Interest for the Subgroups of Patients by Disease Volume and Disease Risk in
text,10,AEs of Special Interest
text,10,"High Volumea
Low Volumea
High Riskb
Low Riskb
All Patientsc"
text,10,"Darolutamide
(n 5 498)
Placebo
(n 5 506)
Darolutamide
(n 5 154)
Placebo
(n 5 144)
Darolutamide
(n 5 "
text,10,"Fatigue
166 (33.3)
165 (32.6)
50 (32.5)
49 (34.0)
141 (31.1)
130 (28.4)
75 (37.7)
84 (43.5)
216 (33."
text,10,"Vasodilation/ﬂushing
96 (19.3)
108 (21.3)
37 (24.0)
33 (22.9)
83 (18.3)
96 (21.0)
50 (25.1)
45 (23.3"
text,10,"Rashd
78 (15.7)
71 (14.0)
30 (19.5)
17 (11.8)
72 (15.9)
67 (14.7)
36 (18.1)
21 (10.9)
108 (16.6)
88 "
text,10,"Diabetes mellitus and hyperglycemia
69 (13.9)
70 (13.8)
30 (19.5)
23 (16.0)
60 (13.2)
63 (13.8)
39 ("
text,10,"Hypertensione
63 (12.7)
38 (7.5)
26 (16.9)
21 (14.6)
54 (11.9)
33 (7.2)
35 (17.6)
26 (13.5)
89 (13.7"
text,10,"Cardiac disorder
56 (11.2)
60 (11.9)
15 (9.7)
16 (11.1)
44 (9.7)
47 (10.3)
27 (13.6)
29 (15.0)
71 (1"
text,10,"Cardiac arrhythmiae
40 (8.0)
43 (8.5)
12 (7.8)
12 (8.3)
31 (6.8)
34 (7.4)
21 (10.6)
21 (10.9)
52 (8."
text,10,"Coronary artery disorderse
16 (3.2)
10 (2.0)
3 (1.9)
3 (2.1)
14 (3.1)
7 (1.5)
5 (2.5)
6 (3.1)
19 (2."
text,10,"Heart failuree
3 (0.6)
11 (2.2)
1 (0.6)
2 (1.4)
2 (0.4)
9 (2.0)
2 (1.0)
4 (2.1)
4 (0.6)
13 (2.0)"
text,10,"Bone fracturef
39 (7.8)
25 (4.9)
10 (6.5)
8 (5.6)
36 (7.9)
23 (5.0)
13 (6.5)
10 (5.2)
49 (7.5)
33 (5"
text,10,"Falls, including accident
34 (6.8)
24 (4.7)
9 (5.8)
6 (4.2)
33 (7.3)
18 (3.9)
10 (5.0)
12 (6.2)
43 ("
text,10,"Mental impairment disorderse
17 (3.4)
11 (2.2)
6 (3.9)
4 (2.8)
18 (4.0)
10 (2.2)
5 (2.5)
5 (2.6)
23 "
text,10,"Weight decreased
19 (3.8)
31 (6.1)
3 (1.9)
4 (2.8)
18 (4.0)
24 (5.3)
4 (2.0)
11 (5.7)
22 (3.4)
35 (5"
text,10,"Depressed mood disorderse
16 (3.2)
16 (3.2)
5 (3.2)
8 (5.6)
9 (2.0)
12 (2.6)
12 (6.0)
12 (6.2)
21 (3"
text,10,"Breast disorders/gynecomastiae
15 (3.0)
7 (1.4)
6 (3.9)
3 (2.1)
10 (2.2)
5 (1.1)
11 (5.5)
5 (2.6)
21"
text,10,"Cerebral ischemia
7 (1.4)
5 (1.0)
1 (0.6)
3 (2.1)
7 (1.5)
4 (0.9)
1 (0.5)
4 (2.1)
8 (1.2)
8 (1.2)"
text,10,"Seizure
3 (0.6)
1 (0.2)
1 (0.6)
0
2 (0.4)
0
2 (1.0)
1 (0.5)
4 (0.6)
1 (0.2)"
text,10,NOTE. Data presented as No. (%).
text,10,aDisease volume deﬁned by CHAARTED criteria: presence of visceral metastases or $ 4 bone metastases 
text,10,"bDisease risk deﬁned by LATITUDE criteria (2 of the following three factors): Gleason score of $ 8, "
text,10,cThree patients who underwent random assignment never received the assigned trial treatment; all thr
text,10,"dThis category combines the following MedDRA terms: rash, maculopapular rash, drug eruption, pruriti"
text,10,eThis category is a MedDRA High-Level Group Term.
text,10,fExcluding pathological fractures. This category combines the following MedDRA terms: any fractures 
text,10,10 © 2023 by American Society of Clinical Oncology
text,10,Hussain et al
text,10,"Downloaded from ascopubs.org by Mayo Foundation--Rochester on June 12, 2023 from 129.176.151.029"
text,10,Copyright © 2023 American Society of Clinical Oncology. All rights reserved.
text,11,"median treatment duration in ARASENS was 41 months
for darolutamide plus ADT and docetaxel versus 34"
text,11,"ARASENS was designed before results were reported for the
LATITUDE trial, which showed an OS beneﬁt "
text,11,"speciﬁc antigen and alkaline phosphatase levels at base-
line. The late separation in the curves als"
text,11,"Results of ARASENS indicate an advantage to adding an
androgen receptor inhibitor (darolutamide) to "
text,11,"In patients with high-volume and high-risk/low-risk met-
astatic hormone-sensitive prostate cancer, "
text,11,AFFILIATIONS
text,11,"1Robert H. Lurie Comprehensive Cancer Center, Northwestern University,
Feinberg School of Medicine, "
text,11,"2Division of Urology, IREC, Cliniques Universitaires Saint Luc,
UCLouvain, Brussels, Belgium"
text,11,"3Centre Hospitalier de l’Universit´e de Montr´eal, University of Montreal,
Montreal, Quebec, Canada"
text,11,"4Institut Gustave Roussy, University of Paris-Saclay, Villejuif, France"
text,11,"5Englander Institute for Precision Medicine, Weill Cornell Department of
Medicine, Meyer Cancer Cent"
text,11,"6UC San Diego School of Medicine, San Diego, CA"
text,11,"7Carolina Urologic Research Center/Genesis Care, Myrtle Beach, SC"
text,11,"8Clinical Oncological Dispensary of Omsk Region, Omsk, Russian
Federation"
text,11,"9University of California Irvine, Division of Hematology/Oncology, Orange,
CA"
text,11,"10Department of Urology, M¨unster University Medical Center, M¨unster,
Germany"
text,11,"11Fudan University Shanghai Cancer Center, Xuhui District, Shanghai,
China"
text,11,"12N´ucleo de Pesquisa e Ensino da Rede São Camilo, São Paulo, Brazil"
text,11,"13Toho University Sakura Medical Center, Chiba, Japan"
text,11,"14Bayer SEA, Singapore"
text,11,"15Bayer HealthCare Pharmaceuticals Inc, Whippany, NJ"
text,11,"16Bayer Consumer Care AG, Basel, Switzerland"
text,11,"17Bayer AG, Berlin, Germany"
text,11,"18Orion Corporation, Espoo, Finland"
text,11,"19Massachusetts General Hospital Cancer Center, Boston, MA"
text,11,"CORRESPONDING AUTHOR
Maha Hussain, MD, Robert H. Lurie Comprehensive Cancer Center,
Northwestern Uni"
text,11,"PRIOR PRESENTATION
Presented in part at the ASCO Genitourinary Cancer Symposium, San
Francisco, CA, "
text,11,"SUPPORT
Supported by Bayer AG and Orion Pharma."
text,11,"Journal of Clinical Oncology
11"
text,11,"Darolutamide, ADT, and Docetaxel in mHSPC Volume/Risk Subgroups"
text,11,"Downloaded from ascopubs.org by Mayo Foundation--Rochester on June 12, 2023 from 129.176.151.029"
text,11,Copyright © 2023 American Society of Clinical Oncology. All rights reserved.
text,12,"CLINICAL TRIAL INFORMATION
NCT02799602"
text,12,"DATA SHARING STATEMENT
Availability of the data underlying this publication will be determined
accor"
text,12,"AUTHORS’ DISCLOSURES OF POTENTIAL CONFLICTS OF
INTEREST
Disclosures provided by the authors are avai"
text,12,"AUTHOR CONTRIBUTIONS
Conception and design: Maha Hussain, Bertrand Tombal, Fred Saad,
Karim Fizazi, "
text,12,"ACKNOWLEDGMENT
Statistical analyses were provided by Kevin Clark, MS, MPH, PT, of Bayer
and Lei Li, "
text,12,REFERENCES
text,12,"1.
Sweeney CJ, Chen YH, Carducci M, et al: Chemohormonal therapy in metastatic hormone-sensitive pro"
text,12,"2.
Fizazi K, Tran N, Fein L, et al: Abiraterone plus prednisone in metastatic, castration-sensitive "
text,12,"3.
Fizazi K, Tran N, Fein L, et al: Abiraterone acetate plus prednisone in patients with newly diagn"
text,12,"4.
Chi KN, Agarwal N, Bjartell A, et al: Apalutamide for metastatic, castration-sensitive prostate c"
text,12,"5.
Chi KN, Chowdhury S, Bjartell A, et al: Apalutamide in patients with metastatic castration-sensit"
text,12,"6.
Armstrong AJ, Azad AA, Iguchi T, et al: Improved survival with enzalutamide in patients with meta"
text,12,"7.
Davis ID, Martin AJ, Stockler MR, et al: Enzalutamide with standard ﬁrst-line therapy in metastat"
text,12,"8.
Fizazi K, Foulon S, Carles J, et al: Abiraterone plus prednisone added to androgen deprivation th"
text,12,"9.
Smith MR, Hussain M, Saad F, et al: Darolutamide and survival in metastatic, hormone-sensitive pr"
text,12,"10.
Davis ID, Martin AJ, Zielinski RR, et al: Updated Overall Survival Outcomes in ENZAMET (ANZUP 13"
text,12,"11.
Virgo KS, Rumble RB, de Wit R, et al: Initial management of noncastrate advanced, recurrent, or "
text,12,"12.
Mottet N, Cornford P, van den Bergh RCN, et al: EAU-EANM-ESTRO-ESUR-ISUP-SIOG Guidelines on Pros"
text,12,"13.
Francini E, Gray KP, Xie W, et al: Time of metastatic disease presentation and volume of disease"
text,12,"14.
Tewari AK, Gillessen S, Sweeney CJ: Metastatic prostate cancer: In search of more granularity. J"
text,12,"15.
Kyriakopoulos CE, Chen YH, Carducci MA, et al: Chemohormonal therapy in metastatic hormone-sensi"
text,12,"16.
Smith MR: Darolutamide in metastatic prostate cancer. Reply. N Engl J Med 386:2345, 2022"
text,12,"17.
Manohar PR, Rather TA, Khan SH, et al: Skeletal metastases presenting as superscan on technetium"
text,12,"18.
Morris MJ, Rathkopf DE, Novotny W, et al: Phase Ib study of enzalutamide in combination with doc"
text,12,"19.
Shore N, Zurth C, Fricke R, et al: Evaluation of clinically relevant drug-drug interactions and "
text,12,12 © 2023 by American Society of Clinical Oncology
text,12,Hussain et al
text,12,"Downloaded from ascopubs.org by Mayo Foundation--Rochester on June 12, 2023 from 129.176.151.029"
text,12,Copyright © 2023 American Society of Clinical Oncology. All rights reserved.
text,13,"20.
Clarke NW, Ali A, Ingleby FC, et al: Addition of docetaxel to hormonal therapy in low- and high-"
text,13,"21.
Moilanen AM, Riikonen R, Oksala R, et al: Discovery of ODM-201, a new-generation androgen recept"
text,13,"22.
Fizazi K, Shore N, Tammela TL, et al: Darolutamide in nonmetastatic, castration-resistant prosta"
text,13,"23.
Fizazi K, Shore N, Tammela TL, et al: Nonmetastatic, castration-resistant prostate cancer and su"
text,13,n n n
text,13,"Journal of Clinical Oncology
13"
text,13,"Darolutamide, ADT, and Docetaxel in mHSPC Volume/Risk Subgroups"
text,13,"Downloaded from ascopubs.org by Mayo Foundation--Rochester on June 12, 2023 from 129.176.151.029"
text,13,Copyright © 2023 American Society of Clinical Oncology. All rights reserved.
text,14,AUTHORS’ DISCLOSURES OF POTENTIAL CONFLICTS OF INTEREST
text,14,Darolutamide Plus Androgen-Deprivation Therapy and Docetaxel in Metastatic Hormone-Sensitive Prostat
text,14,The following represents disclosure information provided by authors of this manuscript. All relation
text,14,Open Payments is a public database containing information reported by companies about payments made 
text,14,"Maha Hussain
Honoraria: UroToday, Merck, Astellas Pharma, AstraZeneca, Precisca,
Medscape Zero, Targ"
text,14,"Bertrand Tombal
Honoraria: Amgen, Astellas Pharma, Bayer, Ferring, Sanoﬁ, Janssen, Pﬁzer,
Myovant Sc"
text,14,"Fred Saad
Honoraria: Astellas Pharma, Janssen Oncology, Sanoﬁ, Bayer, AstraZeneca,
AbbVie, Myovant S"
text,14,"Karim Fizazi
Honoraria: Janssen (Inst), Sanoﬁ(Inst), Astellas Pharma (Inst), Bayer (Inst)
Consulting"
text,14,"Cora N. Sternberg
Consulting or Advisory Role: Bayer, MSD, Pﬁzer, Roche, Incyte, AstraZeneca,
Merck,"
text,14,"E. David Crawford
Employment: Blue Earth Diagnostics
Leadership: Blue Earth Diagnostics
Honoraria: B"
text,14,"Neal Shore
Employment: GenesisCare
Leadership: Photocure, Alessa Therapeutics
Consulting or Advisory"
text,14,"Arash Rezazadeh Kalebasty
Stock and Other Ownership Interests: ECOM Medical
Consulting or Advisory R"
text,14,"Martin B¨ogemann
Employment: Janssen, Janssen
Honoraria: Janssen-Cilag, Astellas Pharma, Bayer/Vital"
text,14,"Felipe Cruz
Travel, Accommodations, Expenses: Janssen Oncology, Novartis"
text,14,© 2023 by American Society of Clinical Oncology
text,14,Hussain et al
text,14,"Downloaded from ascopubs.org by Mayo Foundation--Rochester on June 12, 2023 from 129.176.151.029"
text,14,Copyright © 2023 American Society of Clinical Oncology. All rights reserved.
text,15,"Hiroyoshi Suzuki
Consulting or Advisory Role: Janssen Research & Development, AstraZeneca,
Astellas "
text,15,"Shivani Kapur
Employment: Bayer HealthCare Pharmacuticals"
text,15,"Shankar Srinivasan
Employment: Bayer
Stock and Other Ownership Interests: Bayer"
text,15,"Frank Verholen
Employment: Bayer"
text,15,"Iris Kuss
Employment: Bayer Germany
Stock and Other Ownership Interests: Bayer"
text,15,"Heikki Joensuu
Employment: Orion
Stock and Other Ownership Interests: Orion, Sartar Therapeutics
Hon"
text,15,"Matthew R. Smith
Consulting or Advisory Role: Bayer, Janssen Oncology, Amgen, Pﬁzer, Lilly,
Novartis"
text,15,No other potential conﬂicts of interest were reported.
text,15,Journal of Clinical Oncology
text,15,"Darolutamide, ADT, and Docetaxel in mHSPC Volume/Risk Subgroups"
text,15,"Downloaded from ascopubs.org by Mayo Foundation--Rochester on June 12, 2023 from 129.176.151.029"
text,15,Copyright © 2023 American Society of Clinical Oncology. All rights reserved.
text,16,APPENDIX
text,16,"Overall
Extent of disease (eCRF)
Bone metastasis
Visceral metastasis
ALP stratification factor (eCRF"
text,16,203/497
text,16,"150/386
53/111"
text,16,"44/168
159/329"
text,16,"70/184
94/228
37/82
2/3"
text,16,"118/258
65/177
6/22
14/40"
text,16,"36/95
64/175
103/227"
text,16,"94/220
109/277"
text,16,"130/343
73/154"
text,16,"30/96
165/381"
text,16,"181/432
21/58"
text,16,268/508
text,16,"206/389
62/118"
text,16,"69/176
199/332"
text,16,"103/182
107/230
55/92
3/4"
text,16,"151/259
86/193
14/21
17/35"
text,16,"46/88
85/191
137/229"
text,16,"121/252
147/255"
text,16,"165/349
102/157"
text,16,"39/87
217/403"
text,16,"239/445
26/59"
text,16,NE
text,16,"NE
49.0"
text,16,"NE
47.1"
text,16,"NE
NE
NE
33.7"
text,16,"50.3
NE
NE
NE"
text,16,"NE
NE
49.0"
text,16,"NE
NE"
text,16,"NE
47.2"
text,16,"NE
NE"
text,16,"NE
NE"
text,16,42.4
text,16,"42.5
42.0"
text,16,"51.8
36.0"
text,16,"40.9
51.8
38.1
27.8"
text,16,"39.4
51.8
32.4
43.2"
text,16,"41.1
51.8
39.3"
text,16,"47.6
40.6"
text,16,"47.6
30.2"
text,16,"NE
42.3"
text,16,"42.4
NE"
text,16,0.685 (0.571 to 0.822)
text,16,"0.653 (0.529 to 0.806)
0.792 (0.549 to 1.143)"
text,16,"0.613 (0.420 to 0.896)
0.689 (0.559 to 0.849)"
text,16,"0.573 (0.423 to 0.777)
0.824 (0.624 to 1.087)
0.627 (0.413 to 0.951)"
text,16,"0.672 (0.528 to 0.855)
0.777 (0.563 to 1.072)
0.346 (0.132 to 0.904)
0.562 (0.275 to 1.150)"
text,16,"0.592 (0.382 to 0.918)
0.774 (0.559 to 1.070)
0.655 (0.507 to 0.846)"
text,16,"0.805 (0.615 to 1.055)
0.589 (0.459 to 0.754)"
text,16,"0.743 (0.591 to 0.936)
0.580 (0.430 to 0.784)"
text,16,"0.595 (0.369 to 0.958)
0.724 (0.591 to 0.887)"
text,16,"0.696 (0.574 to 0.845)
0.695 (0.390 to 1.241)"
text,16,"Darolutamide +
ADT +
Docetaxel"
text,16,"Median
Median
HR (95% CI)"
text,16,"0.1
0.1
10.0"
text,16,"No. of Events/No. of Patients
Subgroup"
text,16,"Placebo +
ADT +
Docetaxel"
text,16,"Darolutamide +
ADT +
Docetaxel"
text,16,"Placebo +
ADT +
Docetaxel"
text,16,"Darolutamide
Better
Placebo
Better"
text,16,A
text,16,FIG A1. OS in prespeciﬁed subgroups for patients with (A) high-volume and (B) low-volume disease. HR
text,16,© 2023 by American Society of Clinical Oncology
text,16,Hussain et al
text,16,"Downloaded from ascopubs.org by Mayo Foundation--Rochester on June 12, 2023 from 129.176.151.029"
text,16,Copyright © 2023 American Society of Clinical Oncology. All rights reserved.
text,17,B
text,17,"Overall
Extent of disease (eCRF)
Nonregional lymph node metastasis
Bone metastasis
ALP stratificatio"
text,17,26/154
text,17,"5/23
21/131"
text,17,"18/122
8/32"
text,17,"10/59
13/75
3/20"
text,17,"13/87
9/53
2/4
2/10"
text,17,"6/30
10/54
10/70"
text,17,"16/95
10/59"
text,17,"20/123
6/31"
text,17,"3/26
22/124"
text,17,"25/126
1/28"
text,17,36/146
text,17,"5/15
31/131"
text,17,"24/115
12/31"
text,17,"14/52
17/76
5/18"
text,17,"22/74
7/52
2/7
5/13"
text,17,"10/31
7/53
19/62"
text,17,"21/85
15/61"
text,17,"23/113
13/33"
text,17,"5/31
31/113"
text,17,"32/121
4/23"
text,17,NE
text,17,"NE
NE"
text,17,"NE
NE"
text,17,"NE
NE
NE"
text,17,"NE
NE
NE
NE"
text,17,"NE
NE
NE"
text,17,"NE
NE"
text,17,"NE
NE"
text,17,"NE
NE"
text,17,"NE
NE"
text,17,NE
text,17,"NE
NE"
text,17,"NE
NE"
text,17,"NE
NE
NE"
text,17,"NE
NE
NE
45.7"
text,17,"NE
NE
NE"
text,17,"NE
NE"
text,17,"NE
NE"
text,17,"NE
NE"
text,17,"NE
NE"
text,17,0.682 (0.412 to 1.130)
text,17,"0.602 (0.174 to 2.082)
0.680 (0.391 to 1.184)"
text,17,"0.705 (0.383 to 1.299)
0.667 (0.272 to 1.631)"
text,17,"0.681 (0.302 to 1.534)
0.752 (0.365 to 1.548)"
text,17,"0.461 (0.232 to 0.916)
1.444 (0.537 to 3.881)"
text,17,"0.602 (0.219 to 1.658)
1.617 (0.615 to 4.251)
0.411 (0.191 to 0.885)"
text,17,"0.680 (0.355 to 1.303)
0.690 (0.310 to 1.535)"
text,17,"0.826 (0.454 to 1.504)
0.433 (0.165 to 1.140)"
text,17,0.641 (0.371 to 1.108)
text,17,0.755 (0.447 to 1.274)
text,17,HR (95% CI)
text,17,"0.1
0.1
10.0"
text,17,"No. of Events/No. of Patients
Subgroup
Median
Median"
text,17,"Darolutamide +
ADT +
Docetaxel"
text,17,"Placebo +
ADT +
Docetaxel"
text,17,"Darolutamide +
ADT +
Docetaxel"
text,17,"Placebo +
ADT +
Docetaxel"
text,17,"Darolutamide
Better
Placebo
Better"
text,17,FIG A1. (Continued).
text,17,Journal of Clinical Oncology
text,17,"Darolutamide, ADT, and Docetaxel in mHSPC Volume/Risk Subgroups"
text,17,"Downloaded from ascopubs.org by Mayo Foundation--Rochester on June 12, 2023 from 129.176.151.029"
text,17,Copyright © 2023 American Society of Clinical Oncology. All rights reserved.
text,18,TABLE A1. Subsequent Life-Prolonging Systemic Antineoplastic Therapy in Patient Subgroups by Disease
text,18,Subsequent Therapyc
text,18,"High Volumea
Low Volumea
High Riskb
Low Riskb
All Patientsc"
text,18,"Darolutamide
(n 5 271)
Placebo
(n 5 402)
Darolutamide
(n 5 44)
Placebo
(n 5 93)
Darolutamide
(n 5 24"
text,18,"Patients with subsequent
life-prolonging systemic
antineoplastic therapy"
text,18,"162 (59.8)
306 (76.1)
17 (38.6)
68 (73.1)
145 (60.4)
283 (77.7)
34 (45.3)
91 (69.5)
179 (56.8)
374 ("
text,18,"Abiraterone acetate
101 (37.3)
190 (47.3)
11 (25.0)
42 (45.2)
91 (37.9)
178 (48.9)
21 (28.0)
54 (41."
text,18,"Enzalutamide
41 (15.1)
106 (26.4)
7 (15.9)
30 (32.3)
35 (14.6)
100 (27.5)
13 (17.3)
36 (27.5)
48 (15"
text,18,"Cabazitaxel
53 (19.6)
75 (18.7)
4 (9.1)
14 (15.1)
48 (20.0)
65 (17.9)
9 (12.0)
24 (18.3)
57 (18.1)
8"
text,18,"Docetaxel
41 (15.1)
74 (18.4)
5 (11.4)
15 (16.1)
37 (15.4)
66 (18.1)
9 (12.0)
23 (17.6)
46 (14.6)
89"
text,18,"Radium-223
18 (6.6)
30 (7.5)
1 (2.3)
4 (4.3)
18 (7.5)
22 (6.0)
1 (1.3)
12 (9.2)
19 (6.0)
34 (6.9)"
text,18,"Sipuleucel-T
4 (1.5)
7 (1.7)
0
3 (3.2)
4 (1.7)
8 (2.2)
0
2 (1.5)
4 (1.3)
10 (2.0)"
text,18,"Lutetium-177 PSMA
2 (0.7)
7 (1.7)
0
0
2 (0.8)
7 (1.9)
0
0
2 (0.6)
7 (1.4)"
text,18,"Apalutamide
2 (0.7)
1 (0.2)
0
1 (1.1)
2 (0.8)
2 (0.5)
0
0
2 (0.6)
2 (0.4)"
text,18,"Other systemic antineoplastic therapy
25 (9.2)
18 (4.5)
15 (34.1)
3 (3.2)
28 (11.7)
16 (4.4)
12 (16."
text,18,"NOTE. Data presented as No. (%).
Abbreviation: PSMA, prostate-speciﬁc membrane antigen."
text,18,aDisease volume deﬁned by CHAARTED criteria: presence of visceral metastases or $ 4 bone metastases 
text,18,"bDisease risk deﬁned by LATITUDE criteria (2 of the following three factors): Gleason score of $ 8, "
text,18,"cAt the data cutoff date (October 25, 2021), 45.9% of patients in the darolutamide group and 19.1% o"
text,18,© 2023 by American Society of Clinical Oncology
text,18,Hussain et al
text,18,"Downloaded from ascopubs.org by Mayo Foundation--Rochester on June 12, 2023 from 129.176.151.029"
text,18,Copyright © 2023 American Society of Clinical Oncology. All rights reserved.
table,1,                                                                                                    
table,1,                         0                                                                          
table,2,                                                                                                    
table,2,                                                                              0                     
table,3,                                                                 0                                  
table,3,"                               0                                                       1
0          "
table,3,                                                                0            1                      
table,3,                                                                                                    
table,4,                                                               0                                    
table,5,                                                   0             1             2             3      
table,6,                            0    1                                           2                      
table,6,                               0                             1                                      
table,6,                                                                                                    
table,7,                                0    1                                           2                  
table,7,                                                                                                    
table,8,                                           0                    1                                   
table,9,                  0             1             2             3            4             5           6
table,9,                 0                1                2               3               4                
table,10,                                        0                                                           
table,10,                                                                                                    
table,11,                                                                               0                    
table,12,                                                                                0                   
table,12,             0                                                                                      
table,13,     0                                                                                              
table,14,                                                                                                    
table,15,                                                                                    0               
table,16,                                        0                              1          2               3 
table,17,                                        0                              1          2               3 
table,18,                                                                                                    
image,1,iVBORw0KGgoAAAANSUhEUgAAAOQAAAAtCAAAAACb25gtAAAACXBIWXMAAA7EAAAOxAGVKw4bAAAATklEQVR4nO3PAQ0AIAzAsPs3
image,1,iVBORw0KGgoAAAANSUhEUgAAAOQAAAAtCAIAAAAx0lCmAAAACXBIWXMAAA7EAAAOxAGVKw4bAAAQHElEQVR4nO2aCXNUVRbH+Q4z
