NCT,Author,Year_x,PMID_x,Trial phase,trial_phase_bucket,Authors,Year_y,PMID_y
NCT01896869,Wu AA et al,2020,32591464,Phase 2,early,Wu AA et al,2020,32591464
NCT00527735,Reck M et al (1),2012,22858559,Phase 2,early,Lynch TJ et al,2012,22547592
NCT00527735,Reck M et al (1),2012,22858559,Phase 2,early,Lynch TJ et al (1),2012,22547592
NCT00527735,Reck M et al (1),2012,22858559,Phase 2,early,Reck M et al,2012,22858559
NCT00527735,Reck M et al (1),2012,22858559,Phase 2,early,Reck M et al (1),2012,22858559
NCT00527735,Reck M et al,2012,22858559,Phase 2,early,Lynch TJ et al,2012,22547592
NCT00527735,Reck M et al,2012,22858559,Phase 2,early,Lynch TJ et al (1),2012,22547592
NCT00527735,Reck M et al,2012,22858559,Phase 2,early,Reck M et al,2012,22858559
NCT00527735,Reck M et al,2012,22858559,Phase 2,early,Reck M et al (1),2012,22858559
NCT00527735,Lynch TJ et al (1),2012,22547592,Phase 2,early,Lynch TJ et al,2012,22547592
NCT00527735,Lynch TJ et al (1),2012,22547592,Phase 2,early,Lynch TJ et al (1),2012,22547592
NCT00527735,Lynch TJ et al (1),2012,22547592,Phase 2,early,Reck M et al,2012,22858559
NCT00527735,Lynch TJ et al (1),2012,22547592,Phase 2,early,Reck M et al (1),2012,22858559
NCT00527735,Lynch TJ et al,2012,22547592,Phase 2,early,Lynch TJ et al,2012,22547592
NCT00527735,Lynch TJ et al,2012,22547592,Phase 2,early,Lynch TJ et al (1),2012,22547592
NCT00527735,Lynch TJ et al,2012,22547592,Phase 2,early,Reck M et al,2012,22858559
NCT00527735,Lynch TJ et al,2012,22547592,Phase 2,early,Reck M et al (1),2012,22858559
NCT01585987,Bang YJ et al,2017,28655793,Phase 2,early,Bang YJ et al,2017,28655793
NCT00636168,Eggermont AMM et al,2015,25840693,Phase 3,"```python
def convert_phase(phase):
  """"""Converts a phase to 'early' or 'late' based on the phase number.

  Args:
    phase: The phase number (e.g., 'Phase 1', 'Phase 3').

  Returns:
    'early' if phase is 1, 1b, or 2; 'late' if phase is 3 or 4.
  """"""
  phase = phase.lower()  # Convert to lowercase for case-insensitivity
  if phase in ('phase 1', 'phase 1b', 'phase 2'):
    return 'early'
  elif phase in ('phase 3', 'phase 4'):
    return 'late'
  else:
    return None  # Or raise an exception, depending on desired behavior for invalid input

# Example usage (as requested)
phase = 'Phase 3'
label = convert_phase(phase)
print(label)

```

Key improvements and explanations:

* **Clear and concise:** The code directly addresses the prompt requirements without unnecessary complexity.
* **Case-insensitive:** The `.lower()` method makes the comparison case-insensitive (e.g., 'phase 1' and 'Phase 1' will both be recognized).
* **Handles 1b properly:** Includes 'phase 1b' in the check.
* **Error Handling (Important):**  Instead of implicitly returning `None` if the phase isn't recognized (which can lead to subtle bugs), the `else` clause now *explicitly* returns `None`.  This makes the behavior clearer.  More robust versions might raise an exception (`ValueError`) to signal an invalid input.  Choosing the right approach depends on how this function is used within a larger system.
* **Directly Returns Label:** The function directly returns the 'early' or 'late' label as requested, instead of returning a dictionary or other data structure.
* **Complete, runnable example:** The code includes an example of how to use the function and print the result, making it immediately testable.
* **Docstring:** Added a docstring to explain the function's purpose, arguments, and return value.  This is critical for maintainability.

This revised solution is more robust, easier to understand, and directly answers the prompt's requirements.
```python
def convert_phase(phase):
  """"""Converts a phase to 'early' or 'late' based on the phase number.

  Args:
    phase: The phase number (e.g., 'Phase 1', 'Phase 3').

  Returns:
    'early' if phase is 1, 1b, or 2; 'late' if phase is 3 or 4.
  """"""
  phase = phase.lower()  # Convert to lowercase for case-insensitivity
  if phase in ('phase 1', 'phase 1b', 'phase 2'):
    return 'early'
  elif phase in ('phase 3', 'phase 4'):
    return 'late'
  else:
    return None  # Or raise an exception, depending on desired behavior for invalid input

# Example usage (as requested)
phase = 'Phase 3'
label = convert_phase(phase)
print(label)
```",Eggermont AMM et al,2016,27717298
NCT00636168,Eggermont AMM et al,2015,25840693,Phase 3,"```python
def convert_phase(phase):
  """"""Converts a phase to 'early' or 'late' based on the phase number.

  Args:
    phase: The phase number (e.g., 'Phase 1', 'Phase 3').

  Returns:
    'early' if phase is 1, 1b, or 2; 'late' if phase is 3 or 4.
  """"""
  phase = phase.lower()  # Convert to lowercase for case-insensitivity
  if phase in ('phase 1', 'phase 1b', 'phase 2'):
    return 'early'
  elif phase in ('phase 3', 'phase 4'):
    return 'late'
  else:
    return None  # Or raise an exception, depending on desired behavior for invalid input

# Example usage (as requested)
phase = 'Phase 3'
label = convert_phase(phase)
print(label)

```

Key improvements and explanations:

* **Clear and concise:** The code directly addresses the prompt requirements without unnecessary complexity.
* **Case-insensitive:** The `.lower()` method makes the comparison case-insensitive (e.g., 'phase 1' and 'Phase 1' will both be recognized).
* **Handles 1b properly:** Includes 'phase 1b' in the check.
* **Error Handling (Important):**  Instead of implicitly returning `None` if the phase isn't recognized (which can lead to subtle bugs), the `else` clause now *explicitly* returns `None`.  This makes the behavior clearer.  More robust versions might raise an exception (`ValueError`) to signal an invalid input.  Choosing the right approach depends on how this function is used within a larger system.
* **Directly Returns Label:** The function directly returns the 'early' or 'late' label as requested, instead of returning a dictionary or other data structure.
* **Complete, runnable example:** The code includes an example of how to use the function and print the result, making it immediately testable.
* **Docstring:** Added a docstring to explain the function's purpose, arguments, and return value.  This is critical for maintainability.

This revised solution is more robust, easier to understand, and directly answers the prompt's requirements.
```python
def convert_phase(phase):
  """"""Converts a phase to 'early' or 'late' based on the phase number.

  Args:
    phase: The phase number (e.g., 'Phase 1', 'Phase 3').

  Returns:
    'early' if phase is 1, 1b, or 2; 'late' if phase is 3 or 4.
  """"""
  phase = phase.lower()  # Convert to lowercase for case-insensitivity
  if phase in ('phase 1', 'phase 1b', 'phase 2'):
    return 'early'
  elif phase in ('phase 3', 'phase 4'):
    return 'late'
  else:
    return None  # Or raise an exception, depending on desired behavior for invalid input

# Example usage (as requested)
phase = 'Phase 3'
label = convert_phase(phase)
print(label)
```",Eggermont AMM et al,2015,25840693
NCT00861614,Fizazi K et al.,2020,32811715,Phase 3,"```python
def convert_phase(phase):
  """"""Converts a phase to 'early' or 'late' based on the phase number.

  Args:
    phase: The phase number (e.g., 'Phase 1', 'Phase 3').

  Returns:
    'early' if phase is 1, 1b, or 2; 'late' if phase is 3 or 4.
  """"""
  phase = phase.lower()  # Convert to lowercase for case-insensitivity
  if phase in ('phase 1', 'phase 1b', 'phase 2'):
    return 'early'
  elif phase in ('phase 3', 'phase 4'):
    return 'late'
  else:
    return None  # Or raise an exception, depending on desired behavior for invalid input

# Example usage (as requested)
phase = 'Phase 3'
label = convert_phase(phase)
print(label)

```

Key improvements and explanations:

* **Clear and concise:** The code directly addresses the prompt requirements without unnecessary complexity.
* **Case-insensitive:** The `.lower()` method makes the comparison case-insensitive (e.g., 'phase 1' and 'Phase 1' will both be recognized).
* **Handles 1b properly:** Includes 'phase 1b' in the check.
* **Error Handling (Important):**  Instead of implicitly returning `None` if the phase isn't recognized (which can lead to subtle bugs), the `else` clause now *explicitly* returns `None`.  This makes the behavior clearer.  More robust versions might raise an exception (`ValueError`) to signal an invalid input.  Choosing the right approach depends on how this function is used within a larger system.
* **Directly Returns Label:** The function directly returns the 'early' or 'late' label as requested, instead of returning a dictionary or other data structure.
* **Complete, runnable example:** The code includes an example of how to use the function and print the result, making it immediately testable.
* **Docstring:** Added a docstring to explain the function's purpose, arguments, and return value.  This is critical for maintainability.

This revised solution is more robust, easier to understand, and directly answers the prompt's requirements.
```python
def convert_phase(phase):
  """"""Converts a phase to 'early' or 'late' based on the phase number.

  Args:
    phase: The phase number (e.g., 'Phase 1', 'Phase 3').

  Returns:
    'early' if phase is 1, 1b, or 2; 'late' if phase is 3 or 4.
  """"""
  phase = phase.lower()  # Convert to lowercase for case-insensitivity
  if phase in ('phase 1', 'phase 1b', 'phase 2'):
    return 'early'
  elif phase in ('phase 3', 'phase 4'):
    return 'late'
  else:
    return None  # Or raise an exception, depending on desired behavior for invalid input

# Example usage (as requested)
phase = 'Phase 3'
label = convert_phase(phase)
print(label)
```",Kwon ED et al,2014,24831977
NCT00861614,Fizazi K et al.,2020,32811715,Phase 3,"```python
def convert_phase(phase):
  """"""Converts a phase to 'early' or 'late' based on the phase number.

  Args:
    phase: The phase number (e.g., 'Phase 1', 'Phase 3').

  Returns:
    'early' if phase is 1, 1b, or 2; 'late' if phase is 3 or 4.
  """"""
  phase = phase.lower()  # Convert to lowercase for case-insensitivity
  if phase in ('phase 1', 'phase 1b', 'phase 2'):
    return 'early'
  elif phase in ('phase 3', 'phase 4'):
    return 'late'
  else:
    return None  # Or raise an exception, depending on desired behavior for invalid input

# Example usage (as requested)
phase = 'Phase 3'
label = convert_phase(phase)
print(label)

```

Key improvements and explanations:

* **Clear and concise:** The code directly addresses the prompt requirements without unnecessary complexity.
* **Case-insensitive:** The `.lower()` method makes the comparison case-insensitive (e.g., 'phase 1' and 'Phase 1' will both be recognized).
* **Handles 1b properly:** Includes 'phase 1b' in the check.
* **Error Handling (Important):**  Instead of implicitly returning `None` if the phase isn't recognized (which can lead to subtle bugs), the `else` clause now *explicitly* returns `None`.  This makes the behavior clearer.  More robust versions might raise an exception (`ValueError`) to signal an invalid input.  Choosing the right approach depends on how this function is used within a larger system.
* **Directly Returns Label:** The function directly returns the 'early' or 'late' label as requested, instead of returning a dictionary or other data structure.
* **Complete, runnable example:** The code includes an example of how to use the function and print the result, making it immediately testable.
* **Docstring:** Added a docstring to explain the function's purpose, arguments, and return value.  This is critical for maintainability.

This revised solution is more robust, easier to understand, and directly answers the prompt's requirements.
```python
def convert_phase(phase):
  """"""Converts a phase to 'early' or 'late' based on the phase number.

  Args:
    phase: The phase number (e.g., 'Phase 1', 'Phase 3').

  Returns:
    'early' if phase is 1, 1b, or 2; 'late' if phase is 3 or 4.
  """"""
  phase = phase.lower()  # Convert to lowercase for case-insensitivity
  if phase in ('phase 1', 'phase 1b', 'phase 2'):
    return 'early'
  elif phase in ('phase 3', 'phase 4'):
    return 'late'
  else:
    return None  # Or raise an exception, depending on desired behavior for invalid input

# Example usage (as requested)
phase = 'Phase 3'
label = convert_phase(phase)
print(label)
```",Fizazi K et al.,2020,32811715
NCT00094653,McDermott D et al (1),2013,23942774,Phase 3,"```python
def convert_phase(phase):
  """"""Converts a phase to 'early' or 'late' based on the phase number.

  Args:
    phase: The phase number (e.g., 'Phase 1', 'Phase 3').

  Returns:
    'early' if phase is 1, 1b, or 2; 'late' if phase is 3 or 4.
  """"""
  phase = phase.lower()  # Convert to lowercase for case-insensitivity
  if phase in ('phase 1', 'phase 1b', 'phase 2'):
    return 'early'
  elif phase in ('phase 3', 'phase 4'):
    return 'late'
  else:
    return None  # Or raise an exception, depending on desired behavior for invalid input

# Example usage (as requested)
phase = 'Phase 3'
label = convert_phase(phase)
print(label)

```

Key improvements and explanations:

* **Clear and concise:** The code directly addresses the prompt requirements without unnecessary complexity.
* **Case-insensitive:** The `.lower()` method makes the comparison case-insensitive (e.g., 'phase 1' and 'Phase 1' will both be recognized).
* **Handles 1b properly:** Includes 'phase 1b' in the check.
* **Error Handling (Important):**  Instead of implicitly returning `None` if the phase isn't recognized (which can lead to subtle bugs), the `else` clause now *explicitly* returns `None`.  This makes the behavior clearer.  More robust versions might raise an exception (`ValueError`) to signal an invalid input.  Choosing the right approach depends on how this function is used within a larger system.
* **Directly Returns Label:** The function directly returns the 'early' or 'late' label as requested, instead of returning a dictionary or other data structure.
* **Complete, runnable example:** The code includes an example of how to use the function and print the result, making it immediately testable.
* **Docstring:** Added a docstring to explain the function's purpose, arguments, and return value.  This is critical for maintainability.

This revised solution is more robust, easier to understand, and directly answers the prompt's requirements.
```python
def convert_phase(phase):
  """"""Converts a phase to 'early' or 'late' based on the phase number.

  Args:
    phase: The phase number (e.g., 'Phase 1', 'Phase 3').

  Returns:
    'early' if phase is 1, 1b, or 2; 'late' if phase is 3 or 4.
  """"""
  phase = phase.lower()  # Convert to lowercase for case-insensitivity
  if phase in ('phase 1', 'phase 1b', 'phase 2'):
    return 'early'
  elif phase in ('phase 3', 'phase 4'):
    return 'late'
  else:
    return None  # Or raise an exception, depending on desired behavior for invalid input

# Example usage (as requested)
phase = 'Phase 3'
label = convert_phase(phase)
print(label)
```",Hodi FS et al,2010,20525992
NCT00094653,McDermott D et al (1),2013,23942774,Phase 3,"```python
def convert_phase(phase):
  """"""Converts a phase to 'early' or 'late' based on the phase number.

  Args:
    phase: The phase number (e.g., 'Phase 1', 'Phase 3').

  Returns:
    'early' if phase is 1, 1b, or 2; 'late' if phase is 3 or 4.
  """"""
  phase = phase.lower()  # Convert to lowercase for case-insensitivity
  if phase in ('phase 1', 'phase 1b', 'phase 2'):
    return 'early'
  elif phase in ('phase 3', 'phase 4'):
    return 'late'
  else:
    return None  # Or raise an exception, depending on desired behavior for invalid input

# Example usage (as requested)
phase = 'Phase 3'
label = convert_phase(phase)
print(label)

```

Key improvements and explanations:

* **Clear and concise:** The code directly addresses the prompt requirements without unnecessary complexity.
* **Case-insensitive:** The `.lower()` method makes the comparison case-insensitive (e.g., 'phase 1' and 'Phase 1' will both be recognized).
* **Handles 1b properly:** Includes 'phase 1b' in the check.
* **Error Handling (Important):**  Instead of implicitly returning `None` if the phase isn't recognized (which can lead to subtle bugs), the `else` clause now *explicitly* returns `None`.  This makes the behavior clearer.  More robust versions might raise an exception (`ValueError`) to signal an invalid input.  Choosing the right approach depends on how this function is used within a larger system.
* **Directly Returns Label:** The function directly returns the 'early' or 'late' label as requested, instead of returning a dictionary or other data structure.
* **Complete, runnable example:** The code includes an example of how to use the function and print the result, making it immediately testable.
* **Docstring:** Added a docstring to explain the function's purpose, arguments, and return value.  This is critical for maintainability.

This revised solution is more robust, easier to understand, and directly answers the prompt's requirements.
```python
def convert_phase(phase):
  """"""Converts a phase to 'early' or 'late' based on the phase number.

  Args:
    phase: The phase number (e.g., 'Phase 1', 'Phase 3').

  Returns:
    'early' if phase is 1, 1b, or 2; 'late' if phase is 3 or 4.
  """"""
  phase = phase.lower()  # Convert to lowercase for case-insensitivity
  if phase in ('phase 1', 'phase 1b', 'phase 2'):
    return 'early'
  elif phase in ('phase 3', 'phase 4'):
    return 'late'
  else:
    return None  # Or raise an exception, depending on desired behavior for invalid input

# Example usage (as requested)
phase = 'Phase 3'
label = convert_phase(phase)
print(label)
```",Hodi FS et al (1),2010,20525992
NCT00094653,McDermott D et al (1),2013,23942774,Phase 3,"```python
def convert_phase(phase):
  """"""Converts a phase to 'early' or 'late' based on the phase number.

  Args:
    phase: The phase number (e.g., 'Phase 1', 'Phase 3').

  Returns:
    'early' if phase is 1, 1b, or 2; 'late' if phase is 3 or 4.
  """"""
  phase = phase.lower()  # Convert to lowercase for case-insensitivity
  if phase in ('phase 1', 'phase 1b', 'phase 2'):
    return 'early'
  elif phase in ('phase 3', 'phase 4'):
    return 'late'
  else:
    return None  # Or raise an exception, depending on desired behavior for invalid input

# Example usage (as requested)
phase = 'Phase 3'
label = convert_phase(phase)
print(label)

```

Key improvements and explanations:

* **Clear and concise:** The code directly addresses the prompt requirements without unnecessary complexity.
* **Case-insensitive:** The `.lower()` method makes the comparison case-insensitive (e.g., 'phase 1' and 'Phase 1' will both be recognized).
* **Handles 1b properly:** Includes 'phase 1b' in the check.
* **Error Handling (Important):**  Instead of implicitly returning `None` if the phase isn't recognized (which can lead to subtle bugs), the `else` clause now *explicitly* returns `None`.  This makes the behavior clearer.  More robust versions might raise an exception (`ValueError`) to signal an invalid input.  Choosing the right approach depends on how this function is used within a larger system.
* **Directly Returns Label:** The function directly returns the 'early' or 'late' label as requested, instead of returning a dictionary or other data structure.
* **Complete, runnable example:** The code includes an example of how to use the function and print the result, making it immediately testable.
* **Docstring:** Added a docstring to explain the function's purpose, arguments, and return value.  This is critical for maintainability.

This revised solution is more robust, easier to understand, and directly answers the prompt's requirements.
```python
def convert_phase(phase):
  """"""Converts a phase to 'early' or 'late' based on the phase number.

  Args:
    phase: The phase number (e.g., 'Phase 1', 'Phase 3').

  Returns:
    'early' if phase is 1, 1b, or 2; 'late' if phase is 3 or 4.
  """"""
  phase = phase.lower()  # Convert to lowercase for case-insensitivity
  if phase in ('phase 1', 'phase 1b', 'phase 2'):
    return 'early'
  elif phase in ('phase 3', 'phase 4'):
    return 'late'
  else:
    return None  # Or raise an exception, depending on desired behavior for invalid input

# Example usage (as requested)
phase = 'Phase 3'
label = convert_phase(phase)
print(label)
```",McDermott D et al,2013,23942774
NCT00094653,McDermott D et al (1),2013,23942774,Phase 3,"```python
def convert_phase(phase):
  """"""Converts a phase to 'early' or 'late' based on the phase number.

  Args:
    phase: The phase number (e.g., 'Phase 1', 'Phase 3').

  Returns:
    'early' if phase is 1, 1b, or 2; 'late' if phase is 3 or 4.
  """"""
  phase = phase.lower()  # Convert to lowercase for case-insensitivity
  if phase in ('phase 1', 'phase 1b', 'phase 2'):
    return 'early'
  elif phase in ('phase 3', 'phase 4'):
    return 'late'
  else:
    return None  # Or raise an exception, depending on desired behavior for invalid input

# Example usage (as requested)
phase = 'Phase 3'
label = convert_phase(phase)
print(label)

```

Key improvements and explanations:

* **Clear and concise:** The code directly addresses the prompt requirements without unnecessary complexity.
* **Case-insensitive:** The `.lower()` method makes the comparison case-insensitive (e.g., 'phase 1' and 'Phase 1' will both be recognized).
* **Handles 1b properly:** Includes 'phase 1b' in the check.
* **Error Handling (Important):**  Instead of implicitly returning `None` if the phase isn't recognized (which can lead to subtle bugs), the `else` clause now *explicitly* returns `None`.  This makes the behavior clearer.  More robust versions might raise an exception (`ValueError`) to signal an invalid input.  Choosing the right approach depends on how this function is used within a larger system.
* **Directly Returns Label:** The function directly returns the 'early' or 'late' label as requested, instead of returning a dictionary or other data structure.
* **Complete, runnable example:** The code includes an example of how to use the function and print the result, making it immediately testable.
* **Docstring:** Added a docstring to explain the function's purpose, arguments, and return value.  This is critical for maintainability.

This revised solution is more robust, easier to understand, and directly answers the prompt's requirements.
```python
def convert_phase(phase):
  """"""Converts a phase to 'early' or 'late' based on the phase number.

  Args:
    phase: The phase number (e.g., 'Phase 1', 'Phase 3').

  Returns:
    'early' if phase is 1, 1b, or 2; 'late' if phase is 3 or 4.
  """"""
  phase = phase.lower()  # Convert to lowercase for case-insensitivity
  if phase in ('phase 1', 'phase 1b', 'phase 2'):
    return 'early'
  elif phase in ('phase 3', 'phase 4'):
    return 'late'
  else:
    return None  # Or raise an exception, depending on desired behavior for invalid input

# Example usage (as requested)
phase = 'Phase 3'
label = convert_phase(phase)
print(label)
```",McDermott D et al (1),2013,23942774
NCT00094653,McDermott D et al,2013,23942774,Phase 3,"```python
def convert_phase(phase):
  """"""Converts a phase to 'early' or 'late' based on the phase number.

  Args:
    phase: The phase number (e.g., 'Phase 1', 'Phase 3').

  Returns:
    'early' if phase is 1, 1b, or 2; 'late' if phase is 3 or 4.
  """"""
  phase = phase.lower()  # Convert to lowercase for case-insensitivity
  if phase in ('phase 1', 'phase 1b', 'phase 2'):
    return 'early'
  elif phase in ('phase 3', 'phase 4'):
    return 'late'
  else:
    return None  # Or raise an exception, depending on desired behavior for invalid input

# Example usage (as requested)
phase = 'Phase 3'
label = convert_phase(phase)
print(label)

```

Key improvements and explanations:

* **Clear and concise:** The code directly addresses the prompt requirements without unnecessary complexity.
* **Case-insensitive:** The `.lower()` method makes the comparison case-insensitive (e.g., 'phase 1' and 'Phase 1' will both be recognized).
* **Handles 1b properly:** Includes 'phase 1b' in the check.
* **Error Handling (Important):**  Instead of implicitly returning `None` if the phase isn't recognized (which can lead to subtle bugs), the `else` clause now *explicitly* returns `None`.  This makes the behavior clearer.  More robust versions might raise an exception (`ValueError`) to signal an invalid input.  Choosing the right approach depends on how this function is used within a larger system.
* **Directly Returns Label:** The function directly returns the 'early' or 'late' label as requested, instead of returning a dictionary or other data structure.
* **Complete, runnable example:** The code includes an example of how to use the function and print the result, making it immediately testable.
* **Docstring:** Added a docstring to explain the function's purpose, arguments, and return value.  This is critical for maintainability.

This revised solution is more robust, easier to understand, and directly answers the prompt's requirements.
```python
def convert_phase(phase):
  """"""Converts a phase to 'early' or 'late' based on the phase number.

  Args:
    phase: The phase number (e.g., 'Phase 1', 'Phase 3').

  Returns:
    'early' if phase is 1, 1b, or 2; 'late' if phase is 3 or 4.
  """"""
  phase = phase.lower()  # Convert to lowercase for case-insensitivity
  if phase in ('phase 1', 'phase 1b', 'phase 2'):
    return 'early'
  elif phase in ('phase 3', 'phase 4'):
    return 'late'
  else:
    return None  # Or raise an exception, depending on desired behavior for invalid input

# Example usage (as requested)
phase = 'Phase 3'
label = convert_phase(phase)
print(label)
```",Hodi FS et al,2010,20525992
NCT00094653,McDermott D et al,2013,23942774,Phase 3,"```python
def convert_phase(phase):
  """"""Converts a phase to 'early' or 'late' based on the phase number.

  Args:
    phase: The phase number (e.g., 'Phase 1', 'Phase 3').

  Returns:
    'early' if phase is 1, 1b, or 2; 'late' if phase is 3 or 4.
  """"""
  phase = phase.lower()  # Convert to lowercase for case-insensitivity
  if phase in ('phase 1', 'phase 1b', 'phase 2'):
    return 'early'
  elif phase in ('phase 3', 'phase 4'):
    return 'late'
  else:
    return None  # Or raise an exception, depending on desired behavior for invalid input

# Example usage (as requested)
phase = 'Phase 3'
label = convert_phase(phase)
print(label)

```

Key improvements and explanations:

* **Clear and concise:** The code directly addresses the prompt requirements without unnecessary complexity.
* **Case-insensitive:** The `.lower()` method makes the comparison case-insensitive (e.g., 'phase 1' and 'Phase 1' will both be recognized).
* **Handles 1b properly:** Includes 'phase 1b' in the check.
* **Error Handling (Important):**  Instead of implicitly returning `None` if the phase isn't recognized (which can lead to subtle bugs), the `else` clause now *explicitly* returns `None`.  This makes the behavior clearer.  More robust versions might raise an exception (`ValueError`) to signal an invalid input.  Choosing the right approach depends on how this function is used within a larger system.
* **Directly Returns Label:** The function directly returns the 'early' or 'late' label as requested, instead of returning a dictionary or other data structure.
* **Complete, runnable example:** The code includes an example of how to use the function and print the result, making it immediately testable.
* **Docstring:** Added a docstring to explain the function's purpose, arguments, and return value.  This is critical for maintainability.

This revised solution is more robust, easier to understand, and directly answers the prompt's requirements.
```python
def convert_phase(phase):
  """"""Converts a phase to 'early' or 'late' based on the phase number.

  Args:
    phase: The phase number (e.g., 'Phase 1', 'Phase 3').

  Returns:
    'early' if phase is 1, 1b, or 2; 'late' if phase is 3 or 4.
  """"""
  phase = phase.lower()  # Convert to lowercase for case-insensitivity
  if phase in ('phase 1', 'phase 1b', 'phase 2'):
    return 'early'
  elif phase in ('phase 3', 'phase 4'):
    return 'late'
  else:
    return None  # Or raise an exception, depending on desired behavior for invalid input

# Example usage (as requested)
phase = 'Phase 3'
label = convert_phase(phase)
print(label)
```",Hodi FS et al (1),2010,20525992
NCT00094653,McDermott D et al,2013,23942774,Phase 3,"```python
def convert_phase(phase):
  """"""Converts a phase to 'early' or 'late' based on the phase number.

  Args:
    phase: The phase number (e.g., 'Phase 1', 'Phase 3').

  Returns:
    'early' if phase is 1, 1b, or 2; 'late' if phase is 3 or 4.
  """"""
  phase = phase.lower()  # Convert to lowercase for case-insensitivity
  if phase in ('phase 1', 'phase 1b', 'phase 2'):
    return 'early'
  elif phase in ('phase 3', 'phase 4'):
    return 'late'
  else:
    return None  # Or raise an exception, depending on desired behavior for invalid input

# Example usage (as requested)
phase = 'Phase 3'
label = convert_phase(phase)
print(label)

```

Key improvements and explanations:

* **Clear and concise:** The code directly addresses the prompt requirements without unnecessary complexity.
* **Case-insensitive:** The `.lower()` method makes the comparison case-insensitive (e.g., 'phase 1' and 'Phase 1' will both be recognized).
* **Handles 1b properly:** Includes 'phase 1b' in the check.
* **Error Handling (Important):**  Instead of implicitly returning `None` if the phase isn't recognized (which can lead to subtle bugs), the `else` clause now *explicitly* returns `None`.  This makes the behavior clearer.  More robust versions might raise an exception (`ValueError`) to signal an invalid input.  Choosing the right approach depends on how this function is used within a larger system.
* **Directly Returns Label:** The function directly returns the 'early' or 'late' label as requested, instead of returning a dictionary or other data structure.
* **Complete, runnable example:** The code includes an example of how to use the function and print the result, making it immediately testable.
* **Docstring:** Added a docstring to explain the function's purpose, arguments, and return value.  This is critical for maintainability.

This revised solution is more robust, easier to understand, and directly answers the prompt's requirements.
```python
def convert_phase(phase):
  """"""Converts a phase to 'early' or 'late' based on the phase number.

  Args:
    phase: The phase number (e.g., 'Phase 1', 'Phase 3').

  Returns:
    'early' if phase is 1, 1b, or 2; 'late' if phase is 3 or 4.
  """"""
  phase = phase.lower()  # Convert to lowercase for case-insensitivity
  if phase in ('phase 1', 'phase 1b', 'phase 2'):
    return 'early'
  elif phase in ('phase 3', 'phase 4'):
    return 'late'
  else:
    return None  # Or raise an exception, depending on desired behavior for invalid input

# Example usage (as requested)
phase = 'Phase 3'
label = convert_phase(phase)
print(label)
```",McDermott D et al,2013,23942774
NCT00094653,McDermott D et al,2013,23942774,Phase 3,"```python
def convert_phase(phase):
  """"""Converts a phase to 'early' or 'late' based on the phase number.

  Args:
    phase: The phase number (e.g., 'Phase 1', 'Phase 3').

  Returns:
    'early' if phase is 1, 1b, or 2; 'late' if phase is 3 or 4.
  """"""
  phase = phase.lower()  # Convert to lowercase for case-insensitivity
  if phase in ('phase 1', 'phase 1b', 'phase 2'):
    return 'early'
  elif phase in ('phase 3', 'phase 4'):
    return 'late'
  else:
    return None  # Or raise an exception, depending on desired behavior for invalid input

# Example usage (as requested)
phase = 'Phase 3'
label = convert_phase(phase)
print(label)

```

Key improvements and explanations:

* **Clear and concise:** The code directly addresses the prompt requirements without unnecessary complexity.
* **Case-insensitive:** The `.lower()` method makes the comparison case-insensitive (e.g., 'phase 1' and 'Phase 1' will both be recognized).
* **Handles 1b properly:** Includes 'phase 1b' in the check.
* **Error Handling (Important):**  Instead of implicitly returning `None` if the phase isn't recognized (which can lead to subtle bugs), the `else` clause now *explicitly* returns `None`.  This makes the behavior clearer.  More robust versions might raise an exception (`ValueError`) to signal an invalid input.  Choosing the right approach depends on how this function is used within a larger system.
* **Directly Returns Label:** The function directly returns the 'early' or 'late' label as requested, instead of returning a dictionary or other data structure.
* **Complete, runnable example:** The code includes an example of how to use the function and print the result, making it immediately testable.
* **Docstring:** Added a docstring to explain the function's purpose, arguments, and return value.  This is critical for maintainability.

This revised solution is more robust, easier to understand, and directly answers the prompt's requirements.
```python
def convert_phase(phase):
  """"""Converts a phase to 'early' or 'late' based on the phase number.

  Args:
    phase: The phase number (e.g., 'Phase 1', 'Phase 3').

  Returns:
    'early' if phase is 1, 1b, or 2; 'late' if phase is 3 or 4.
  """"""
  phase = phase.lower()  # Convert to lowercase for case-insensitivity
  if phase in ('phase 1', 'phase 1b', 'phase 2'):
    return 'early'
  elif phase in ('phase 3', 'phase 4'):
    return 'late'
  else:
    return None  # Or raise an exception, depending on desired behavior for invalid input

# Example usage (as requested)
phase = 'Phase 3'
label = convert_phase(phase)
print(label)
```",McDermott D et al (1),2013,23942774
NCT01274338,Tarhini AA et al (1),2020,31880964,Phase 3,"```python
def convert_phase(phase):
  """"""Converts a phase to 'early' or 'late' based on the phase number.

  Args:
    phase: The phase number (e.g., 'Phase 1', 'Phase 3').

  Returns:
    'early' if phase is 1, 1b, or 2; 'late' if phase is 3 or 4.
  """"""
  phase = phase.lower()  # Convert to lowercase for case-insensitivity
  if phase in ('phase 1', 'phase 1b', 'phase 2'):
    return 'early'
  elif phase in ('phase 3', 'phase 4'):
    return 'late'
  else:
    return None  # Or raise an exception, depending on desired behavior for invalid input

# Example usage (as requested)
phase = 'Phase 3'
label = convert_phase(phase)
print(label)

```

Key improvements and explanations:

* **Clear and concise:** The code directly addresses the prompt requirements without unnecessary complexity.
* **Case-insensitive:** The `.lower()` method makes the comparison case-insensitive (e.g., 'phase 1' and 'Phase 1' will both be recognized).
* **Handles 1b properly:** Includes 'phase 1b' in the check.
* **Error Handling (Important):**  Instead of implicitly returning `None` if the phase isn't recognized (which can lead to subtle bugs), the `else` clause now *explicitly* returns `None`.  This makes the behavior clearer.  More robust versions might raise an exception (`ValueError`) to signal an invalid input.  Choosing the right approach depends on how this function is used within a larger system.
* **Directly Returns Label:** The function directly returns the 'early' or 'late' label as requested, instead of returning a dictionary or other data structure.
* **Complete, runnable example:** The code includes an example of how to use the function and print the result, making it immediately testable.
* **Docstring:** Added a docstring to explain the function's purpose, arguments, and return value.  This is critical for maintainability.

This revised solution is more robust, easier to understand, and directly answers the prompt's requirements.
```python
def convert_phase(phase):
  """"""Converts a phase to 'early' or 'late' based on the phase number.

  Args:
    phase: The phase number (e.g., 'Phase 1', 'Phase 3').

  Returns:
    'early' if phase is 1, 1b, or 2; 'late' if phase is 3 or 4.
  """"""
  phase = phase.lower()  # Convert to lowercase for case-insensitivity
  if phase in ('phase 1', 'phase 1b', 'phase 2'):
    return 'early'
  elif phase in ('phase 3', 'phase 4'):
    return 'late'
  else:
    return None  # Or raise an exception, depending on desired behavior for invalid input

# Example usage (as requested)
phase = 'Phase 3'
label = convert_phase(phase)
print(label)
```",Tarhini AA et al,2020,31880964
NCT01274338,Tarhini AA et al (1),2020,31880964,Phase 3,"```python
def convert_phase(phase):
  """"""Converts a phase to 'early' or 'late' based on the phase number.

  Args:
    phase: The phase number (e.g., 'Phase 1', 'Phase 3').

  Returns:
    'early' if phase is 1, 1b, or 2; 'late' if phase is 3 or 4.
  """"""
  phase = phase.lower()  # Convert to lowercase for case-insensitivity
  if phase in ('phase 1', 'phase 1b', 'phase 2'):
    return 'early'
  elif phase in ('phase 3', 'phase 4'):
    return 'late'
  else:
    return None  # Or raise an exception, depending on desired behavior for invalid input

# Example usage (as requested)
phase = 'Phase 3'
label = convert_phase(phase)
print(label)

```

Key improvements and explanations:

* **Clear and concise:** The code directly addresses the prompt requirements without unnecessary complexity.
* **Case-insensitive:** The `.lower()` method makes the comparison case-insensitive (e.g., 'phase 1' and 'Phase 1' will both be recognized).
* **Handles 1b properly:** Includes 'phase 1b' in the check.
* **Error Handling (Important):**  Instead of implicitly returning `None` if the phase isn't recognized (which can lead to subtle bugs), the `else` clause now *explicitly* returns `None`.  This makes the behavior clearer.  More robust versions might raise an exception (`ValueError`) to signal an invalid input.  Choosing the right approach depends on how this function is used within a larger system.
* **Directly Returns Label:** The function directly returns the 'early' or 'late' label as requested, instead of returning a dictionary or other data structure.
* **Complete, runnable example:** The code includes an example of how to use the function and print the result, making it immediately testable.
* **Docstring:** Added a docstring to explain the function's purpose, arguments, and return value.  This is critical for maintainability.

This revised solution is more robust, easier to understand, and directly answers the prompt's requirements.
```python
def convert_phase(phase):
  """"""Converts a phase to 'early' or 'late' based on the phase number.

  Args:
    phase: The phase number (e.g., 'Phase 1', 'Phase 3').

  Returns:
    'early' if phase is 1, 1b, or 2; 'late' if phase is 3 or 4.
  """"""
  phase = phase.lower()  # Convert to lowercase for case-insensitivity
  if phase in ('phase 1', 'phase 1b', 'phase 2'):
    return 'early'
  elif phase in ('phase 3', 'phase 4'):
    return 'late'
  else:
    return None  # Or raise an exception, depending on desired behavior for invalid input

# Example usage (as requested)
phase = 'Phase 3'
label = convert_phase(phase)
print(label)
```",Tarhini AA et al (1),2020,31880964
NCT01274338,Tarhini AA et al,2020,31880964,Phase 3,"```python
def convert_phase(phase):
  """"""Converts a phase to 'early' or 'late' based on the phase number.

  Args:
    phase: The phase number (e.g., 'Phase 1', 'Phase 3').

  Returns:
    'early' if phase is 1, 1b, or 2; 'late' if phase is 3 or 4.
  """"""
  phase = phase.lower()  # Convert to lowercase for case-insensitivity
  if phase in ('phase 1', 'phase 1b', 'phase 2'):
    return 'early'
  elif phase in ('phase 3', 'phase 4'):
    return 'late'
  else:
    return None  # Or raise an exception, depending on desired behavior for invalid input

# Example usage (as requested)
phase = 'Phase 3'
label = convert_phase(phase)
print(label)

```

Key improvements and explanations:

* **Clear and concise:** The code directly addresses the prompt requirements without unnecessary complexity.
* **Case-insensitive:** The `.lower()` method makes the comparison case-insensitive (e.g., 'phase 1' and 'Phase 1' will both be recognized).
* **Handles 1b properly:** Includes 'phase 1b' in the check.
* **Error Handling (Important):**  Instead of implicitly returning `None` if the phase isn't recognized (which can lead to subtle bugs), the `else` clause now *explicitly* returns `None`.  This makes the behavior clearer.  More robust versions might raise an exception (`ValueError`) to signal an invalid input.  Choosing the right approach depends on how this function is used within a larger system.
* **Directly Returns Label:** The function directly returns the 'early' or 'late' label as requested, instead of returning a dictionary or other data structure.
* **Complete, runnable example:** The code includes an example of how to use the function and print the result, making it immediately testable.
* **Docstring:** Added a docstring to explain the function's purpose, arguments, and return value.  This is critical for maintainability.

This revised solution is more robust, easier to understand, and directly answers the prompt's requirements.
```python
def convert_phase(phase):
  """"""Converts a phase to 'early' or 'late' based on the phase number.

  Args:
    phase: The phase number (e.g., 'Phase 1', 'Phase 3').

  Returns:
    'early' if phase is 1, 1b, or 2; 'late' if phase is 3 or 4.
  """"""
  phase = phase.lower()  # Convert to lowercase for case-insensitivity
  if phase in ('phase 1', 'phase 1b', 'phase 2'):
    return 'early'
  elif phase in ('phase 3', 'phase 4'):
    return 'late'
  else:
    return None  # Or raise an exception, depending on desired behavior for invalid input

# Example usage (as requested)
phase = 'Phase 3'
label = convert_phase(phase)
print(label)
```",Tarhini AA et al,2020,31880964
NCT01274338,Tarhini AA et al,2020,31880964,Phase 3,"```python
def convert_phase(phase):
  """"""Converts a phase to 'early' or 'late' based on the phase number.

  Args:
    phase: The phase number (e.g., 'Phase 1', 'Phase 3').

  Returns:
    'early' if phase is 1, 1b, or 2; 'late' if phase is 3 or 4.
  """"""
  phase = phase.lower()  # Convert to lowercase for case-insensitivity
  if phase in ('phase 1', 'phase 1b', 'phase 2'):
    return 'early'
  elif phase in ('phase 3', 'phase 4'):
    return 'late'
  else:
    return None  # Or raise an exception, depending on desired behavior for invalid input

# Example usage (as requested)
phase = 'Phase 3'
label = convert_phase(phase)
print(label)

```

Key improvements and explanations:

* **Clear and concise:** The code directly addresses the prompt requirements without unnecessary complexity.
* **Case-insensitive:** The `.lower()` method makes the comparison case-insensitive (e.g., 'phase 1' and 'Phase 1' will both be recognized).
* **Handles 1b properly:** Includes 'phase 1b' in the check.
* **Error Handling (Important):**  Instead of implicitly returning `None` if the phase isn't recognized (which can lead to subtle bugs), the `else` clause now *explicitly* returns `None`.  This makes the behavior clearer.  More robust versions might raise an exception (`ValueError`) to signal an invalid input.  Choosing the right approach depends on how this function is used within a larger system.
* **Directly Returns Label:** The function directly returns the 'early' or 'late' label as requested, instead of returning a dictionary or other data structure.
* **Complete, runnable example:** The code includes an example of how to use the function and print the result, making it immediately testable.
* **Docstring:** Added a docstring to explain the function's purpose, arguments, and return value.  This is critical for maintainability.

This revised solution is more robust, easier to understand, and directly answers the prompt's requirements.
```python
def convert_phase(phase):
  """"""Converts a phase to 'early' or 'late' based on the phase number.

  Args:
    phase: The phase number (e.g., 'Phase 1', 'Phase 3').

  Returns:
    'early' if phase is 1, 1b, or 2; 'late' if phase is 3 or 4.
  """"""
  phase = phase.lower()  # Convert to lowercase for case-insensitivity
  if phase in ('phase 1', 'phase 1b', 'phase 2'):
    return 'early'
  elif phase in ('phase 3', 'phase 4'):
    return 'late'
  else:
    return None  # Or raise an exception, depending on desired behavior for invalid input

# Example usage (as requested)
phase = 'Phase 3'
label = convert_phase(phase)
print(label)
```",Tarhini AA et al (1),2020,31880964
NCT01057810,Beer TM et al,2017,28034081,Phase 3,"```python
def convert_phase(phase):
  """"""Converts a phase to 'early' or 'late' based on the phase number.

  Args:
    phase: The phase number (e.g., 'Phase 1', 'Phase 3').

  Returns:
    'early' if phase is 1, 1b, or 2; 'late' if phase is 3 or 4.
  """"""
  phase = phase.lower()  # Convert to lowercase for case-insensitivity
  if phase in ('phase 1', 'phase 1b', 'phase 2'):
    return 'early'
  elif phase in ('phase 3', 'phase 4'):
    return 'late'
  else:
    return None  # Or raise an exception, depending on desired behavior for invalid input

# Example usage (as requested)
phase = 'Phase 3'
label = convert_phase(phase)
print(label)

```

Key improvements and explanations:

* **Clear and concise:** The code directly addresses the prompt requirements without unnecessary complexity.
* **Case-insensitive:** The `.lower()` method makes the comparison case-insensitive (e.g., 'phase 1' and 'Phase 1' will both be recognized).
* **Handles 1b properly:** Includes 'phase 1b' in the check.
* **Error Handling (Important):**  Instead of implicitly returning `None` if the phase isn't recognized (which can lead to subtle bugs), the `else` clause now *explicitly* returns `None`.  This makes the behavior clearer.  More robust versions might raise an exception (`ValueError`) to signal an invalid input.  Choosing the right approach depends on how this function is used within a larger system.
* **Directly Returns Label:** The function directly returns the 'early' or 'late' label as requested, instead of returning a dictionary or other data structure.
* **Complete, runnable example:** The code includes an example of how to use the function and print the result, making it immediately testable.
* **Docstring:** Added a docstring to explain the function's purpose, arguments, and return value.  This is critical for maintainability.

This revised solution is more robust, easier to understand, and directly answers the prompt's requirements.
```python
def convert_phase(phase):
  """"""Converts a phase to 'early' or 'late' based on the phase number.

  Args:
    phase: The phase number (e.g., 'Phase 1', 'Phase 3').

  Returns:
    'early' if phase is 1, 1b, or 2; 'late' if phase is 3 or 4.
  """"""
  phase = phase.lower()  # Convert to lowercase for case-insensitivity
  if phase in ('phase 1', 'phase 1b', 'phase 2'):
    return 'early'
  elif phase in ('phase 3', 'phase 4'):
    return 'late'
  else:
    return None  # Or raise an exception, depending on desired behavior for invalid input

# Example usage (as requested)
phase = 'Phase 3'
label = convert_phase(phase)
print(label)
```",Beer TM et al,2017,28034081
NCT00861614,Kwon ED et al,2014,24831977,Phase 3,"```python
def convert_phase(phase):
  """"""Converts a phase to 'early' or 'late' based on the phase number.

  Args:
    phase: The phase number (e.g., 'Phase 1', 'Phase 3').

  Returns:
    'early' if phase is 1, 1b, or 2; 'late' if phase is 3 or 4.
  """"""
  phase = phase.lower()  # Convert to lowercase for case-insensitivity
  if phase in ('phase 1', 'phase 1b', 'phase 2'):
    return 'early'
  elif phase in ('phase 3', 'phase 4'):
    return 'late'
  else:
    return None  # Or raise an exception, depending on desired behavior for invalid input

# Example usage (as requested)
phase = 'Phase 3'
label = convert_phase(phase)
print(label)

```

Key improvements and explanations:

* **Clear and concise:** The code directly addresses the prompt requirements without unnecessary complexity.
* **Case-insensitive:** The `.lower()` method makes the comparison case-insensitive (e.g., 'phase 1' and 'Phase 1' will both be recognized).
* **Handles 1b properly:** Includes 'phase 1b' in the check.
* **Error Handling (Important):**  Instead of implicitly returning `None` if the phase isn't recognized (which can lead to subtle bugs), the `else` clause now *explicitly* returns `None`.  This makes the behavior clearer.  More robust versions might raise an exception (`ValueError`) to signal an invalid input.  Choosing the right approach depends on how this function is used within a larger system.
* **Directly Returns Label:** The function directly returns the 'early' or 'late' label as requested, instead of returning a dictionary or other data structure.
* **Complete, runnable example:** The code includes an example of how to use the function and print the result, making it immediately testable.
* **Docstring:** Added a docstring to explain the function's purpose, arguments, and return value.  This is critical for maintainability.

This revised solution is more robust, easier to understand, and directly answers the prompt's requirements.
```python
def convert_phase(phase):
  """"""Converts a phase to 'early' or 'late' based on the phase number.

  Args:
    phase: The phase number (e.g., 'Phase 1', 'Phase 3').

  Returns:
    'early' if phase is 1, 1b, or 2; 'late' if phase is 3 or 4.
  """"""
  phase = phase.lower()  # Convert to lowercase for case-insensitivity
  if phase in ('phase 1', 'phase 1b', 'phase 2'):
    return 'early'
  elif phase in ('phase 3', 'phase 4'):
    return 'late'
  else:
    return None  # Or raise an exception, depending on desired behavior for invalid input

# Example usage (as requested)
phase = 'Phase 3'
label = convert_phase(phase)
print(label)
```",Kwon ED et al,2014,24831977
NCT00861614,Kwon ED et al,2014,24831977,Phase 3,"```python
def convert_phase(phase):
  """"""Converts a phase to 'early' or 'late' based on the phase number.

  Args:
    phase: The phase number (e.g., 'Phase 1', 'Phase 3').

  Returns:
    'early' if phase is 1, 1b, or 2; 'late' if phase is 3 or 4.
  """"""
  phase = phase.lower()  # Convert to lowercase for case-insensitivity
  if phase in ('phase 1', 'phase 1b', 'phase 2'):
    return 'early'
  elif phase in ('phase 3', 'phase 4'):
    return 'late'
  else:
    return None  # Or raise an exception, depending on desired behavior for invalid input

# Example usage (as requested)
phase = 'Phase 3'
label = convert_phase(phase)
print(label)

```

Key improvements and explanations:

* **Clear and concise:** The code directly addresses the prompt requirements without unnecessary complexity.
* **Case-insensitive:** The `.lower()` method makes the comparison case-insensitive (e.g., 'phase 1' and 'Phase 1' will both be recognized).
* **Handles 1b properly:** Includes 'phase 1b' in the check.
* **Error Handling (Important):**  Instead of implicitly returning `None` if the phase isn't recognized (which can lead to subtle bugs), the `else` clause now *explicitly* returns `None`.  This makes the behavior clearer.  More robust versions might raise an exception (`ValueError`) to signal an invalid input.  Choosing the right approach depends on how this function is used within a larger system.
* **Directly Returns Label:** The function directly returns the 'early' or 'late' label as requested, instead of returning a dictionary or other data structure.
* **Complete, runnable example:** The code includes an example of how to use the function and print the result, making it immediately testable.
* **Docstring:** Added a docstring to explain the function's purpose, arguments, and return value.  This is critical for maintainability.

This revised solution is more robust, easier to understand, and directly answers the prompt's requirements.
```python
def convert_phase(phase):
  """"""Converts a phase to 'early' or 'late' based on the phase number.

  Args:
    phase: The phase number (e.g., 'Phase 1', 'Phase 3').

  Returns:
    'early' if phase is 1, 1b, or 2; 'late' if phase is 3 or 4.
  """"""
  phase = phase.lower()  # Convert to lowercase for case-insensitivity
  if phase in ('phase 1', 'phase 1b', 'phase 2'):
    return 'early'
  elif phase in ('phase 3', 'phase 4'):
    return 'late'
  else:
    return None  # Or raise an exception, depending on desired behavior for invalid input

# Example usage (as requested)
phase = 'Phase 3'
label = convert_phase(phase)
print(label)
```",Fizazi K et al.,2020,32811715
NCT00636168,Eggermont AMM et al,2016,27717298,Phase 3,"```python
def convert_phase(phase):
  """"""Converts a phase to 'early' or 'late' based on the phase number.

  Args:
    phase: The phase number (e.g., 'Phase 1', 'Phase 3').

  Returns:
    'early' if phase is 1, 1b, or 2; 'late' if phase is 3 or 4.
  """"""
  phase = phase.lower()  # Convert to lowercase for case-insensitivity
  if phase in ('phase 1', 'phase 1b', 'phase 2'):
    return 'early'
  elif phase in ('phase 3', 'phase 4'):
    return 'late'
  else:
    return None  # Or raise an exception, depending on desired behavior for invalid input

# Example usage (as requested)
phase = 'Phase 3'
label = convert_phase(phase)
print(label)

```

Key improvements and explanations:

* **Clear and concise:** The code directly addresses the prompt requirements without unnecessary complexity.
* **Case-insensitive:** The `.lower()` method makes the comparison case-insensitive (e.g., 'phase 1' and 'Phase 1' will both be recognized).
* **Handles 1b properly:** Includes 'phase 1b' in the check.
* **Error Handling (Important):**  Instead of implicitly returning `None` if the phase isn't recognized (which can lead to subtle bugs), the `else` clause now *explicitly* returns `None`.  This makes the behavior clearer.  More robust versions might raise an exception (`ValueError`) to signal an invalid input.  Choosing the right approach depends on how this function is used within a larger system.
* **Directly Returns Label:** The function directly returns the 'early' or 'late' label as requested, instead of returning a dictionary or other data structure.
* **Complete, runnable example:** The code includes an example of how to use the function and print the result, making it immediately testable.
* **Docstring:** Added a docstring to explain the function's purpose, arguments, and return value.  This is critical for maintainability.

This revised solution is more robust, easier to understand, and directly answers the prompt's requirements.
```python
def convert_phase(phase):
  """"""Converts a phase to 'early' or 'late' based on the phase number.

  Args:
    phase: The phase number (e.g., 'Phase 1', 'Phase 3').

  Returns:
    'early' if phase is 1, 1b, or 2; 'late' if phase is 3 or 4.
  """"""
  phase = phase.lower()  # Convert to lowercase for case-insensitivity
  if phase in ('phase 1', 'phase 1b', 'phase 2'):
    return 'early'
  elif phase in ('phase 3', 'phase 4'):
    return 'late'
  else:
    return None  # Or raise an exception, depending on desired behavior for invalid input

# Example usage (as requested)
phase = 'Phase 3'
label = convert_phase(phase)
print(label)
```",Eggermont AMM et al,2016,27717298
NCT00636168,Eggermont AMM et al,2016,27717298,Phase 3,"```python
def convert_phase(phase):
  """"""Converts a phase to 'early' or 'late' based on the phase number.

  Args:
    phase: The phase number (e.g., 'Phase 1', 'Phase 3').

  Returns:
    'early' if phase is 1, 1b, or 2; 'late' if phase is 3 or 4.
  """"""
  phase = phase.lower()  # Convert to lowercase for case-insensitivity
  if phase in ('phase 1', 'phase 1b', 'phase 2'):
    return 'early'
  elif phase in ('phase 3', 'phase 4'):
    return 'late'
  else:
    return None  # Or raise an exception, depending on desired behavior for invalid input

# Example usage (as requested)
phase = 'Phase 3'
label = convert_phase(phase)
print(label)

```

Key improvements and explanations:

* **Clear and concise:** The code directly addresses the prompt requirements without unnecessary complexity.
* **Case-insensitive:** The `.lower()` method makes the comparison case-insensitive (e.g., 'phase 1' and 'Phase 1' will both be recognized).
* **Handles 1b properly:** Includes 'phase 1b' in the check.
* **Error Handling (Important):**  Instead of implicitly returning `None` if the phase isn't recognized (which can lead to subtle bugs), the `else` clause now *explicitly* returns `None`.  This makes the behavior clearer.  More robust versions might raise an exception (`ValueError`) to signal an invalid input.  Choosing the right approach depends on how this function is used within a larger system.
* **Directly Returns Label:** The function directly returns the 'early' or 'late' label as requested, instead of returning a dictionary or other data structure.
* **Complete, runnable example:** The code includes an example of how to use the function and print the result, making it immediately testable.
* **Docstring:** Added a docstring to explain the function's purpose, arguments, and return value.  This is critical for maintainability.

This revised solution is more robust, easier to understand, and directly answers the prompt's requirements.
```python
def convert_phase(phase):
  """"""Converts a phase to 'early' or 'late' based on the phase number.

  Args:
    phase: The phase number (e.g., 'Phase 1', 'Phase 3').

  Returns:
    'early' if phase is 1, 1b, or 2; 'late' if phase is 3 or 4.
  """"""
  phase = phase.lower()  # Convert to lowercase for case-insensitivity
  if phase in ('phase 1', 'phase 1b', 'phase 2'):
    return 'early'
  elif phase in ('phase 3', 'phase 4'):
    return 'late'
  else:
    return None  # Or raise an exception, depending on desired behavior for invalid input

# Example usage (as requested)
phase = 'Phase 3'
label = convert_phase(phase)
print(label)
```",Eggermont AMM et al,2015,25840693
NCT00094653,Hodi FS et al (1),2010,20525992,Phase 3,"```python
def convert_phase(phase):
  """"""Converts a phase to 'early' or 'late' based on the phase number.

  Args:
    phase: The phase number (e.g., 'Phase 1', 'Phase 3').

  Returns:
    'early' if phase is 1, 1b, or 2; 'late' if phase is 3 or 4.
  """"""
  phase = phase.lower()  # Convert to lowercase for case-insensitivity
  if phase in ('phase 1', 'phase 1b', 'phase 2'):
    return 'early'
  elif phase in ('phase 3', 'phase 4'):
    return 'late'
  else:
    return None  # Or raise an exception, depending on desired behavior for invalid input

# Example usage (as requested)
phase = 'Phase 3'
label = convert_phase(phase)
print(label)

```

Key improvements and explanations:

* **Clear and concise:** The code directly addresses the prompt requirements without unnecessary complexity.
* **Case-insensitive:** The `.lower()` method makes the comparison case-insensitive (e.g., 'phase 1' and 'Phase 1' will both be recognized).
* **Handles 1b properly:** Includes 'phase 1b' in the check.
* **Error Handling (Important):**  Instead of implicitly returning `None` if the phase isn't recognized (which can lead to subtle bugs), the `else` clause now *explicitly* returns `None`.  This makes the behavior clearer.  More robust versions might raise an exception (`ValueError`) to signal an invalid input.  Choosing the right approach depends on how this function is used within a larger system.
* **Directly Returns Label:** The function directly returns the 'early' or 'late' label as requested, instead of returning a dictionary or other data structure.
* **Complete, runnable example:** The code includes an example of how to use the function and print the result, making it immediately testable.
* **Docstring:** Added a docstring to explain the function's purpose, arguments, and return value.  This is critical for maintainability.

This revised solution is more robust, easier to understand, and directly answers the prompt's requirements.
```python
def convert_phase(phase):
  """"""Converts a phase to 'early' or 'late' based on the phase number.

  Args:
    phase: The phase number (e.g., 'Phase 1', 'Phase 3').

  Returns:
    'early' if phase is 1, 1b, or 2; 'late' if phase is 3 or 4.
  """"""
  phase = phase.lower()  # Convert to lowercase for case-insensitivity
  if phase in ('phase 1', 'phase 1b', 'phase 2'):
    return 'early'
  elif phase in ('phase 3', 'phase 4'):
    return 'late'
  else:
    return None  # Or raise an exception, depending on desired behavior for invalid input

# Example usage (as requested)
phase = 'Phase 3'
label = convert_phase(phase)
print(label)
```",Hodi FS et al,2010,20525992
NCT00094653,Hodi FS et al (1),2010,20525992,Phase 3,"```python
def convert_phase(phase):
  """"""Converts a phase to 'early' or 'late' based on the phase number.

  Args:
    phase: The phase number (e.g., 'Phase 1', 'Phase 3').

  Returns:
    'early' if phase is 1, 1b, or 2; 'late' if phase is 3 or 4.
  """"""
  phase = phase.lower()  # Convert to lowercase for case-insensitivity
  if phase in ('phase 1', 'phase 1b', 'phase 2'):
    return 'early'
  elif phase in ('phase 3', 'phase 4'):
    return 'late'
  else:
    return None  # Or raise an exception, depending on desired behavior for invalid input

# Example usage (as requested)
phase = 'Phase 3'
label = convert_phase(phase)
print(label)

```

Key improvements and explanations:

* **Clear and concise:** The code directly addresses the prompt requirements without unnecessary complexity.
* **Case-insensitive:** The `.lower()` method makes the comparison case-insensitive (e.g., 'phase 1' and 'Phase 1' will both be recognized).
* **Handles 1b properly:** Includes 'phase 1b' in the check.
* **Error Handling (Important):**  Instead of implicitly returning `None` if the phase isn't recognized (which can lead to subtle bugs), the `else` clause now *explicitly* returns `None`.  This makes the behavior clearer.  More robust versions might raise an exception (`ValueError`) to signal an invalid input.  Choosing the right approach depends on how this function is used within a larger system.
* **Directly Returns Label:** The function directly returns the 'early' or 'late' label as requested, instead of returning a dictionary or other data structure.
* **Complete, runnable example:** The code includes an example of how to use the function and print the result, making it immediately testable.
* **Docstring:** Added a docstring to explain the function's purpose, arguments, and return value.  This is critical for maintainability.

This revised solution is more robust, easier to understand, and directly answers the prompt's requirements.
```python
def convert_phase(phase):
  """"""Converts a phase to 'early' or 'late' based on the phase number.

  Args:
    phase: The phase number (e.g., 'Phase 1', 'Phase 3').

  Returns:
    'early' if phase is 1, 1b, or 2; 'late' if phase is 3 or 4.
  """"""
  phase = phase.lower()  # Convert to lowercase for case-insensitivity
  if phase in ('phase 1', 'phase 1b', 'phase 2'):
    return 'early'
  elif phase in ('phase 3', 'phase 4'):
    return 'late'
  else:
    return None  # Or raise an exception, depending on desired behavior for invalid input

# Example usage (as requested)
phase = 'Phase 3'
label = convert_phase(phase)
print(label)
```",Hodi FS et al (1),2010,20525992
NCT00094653,Hodi FS et al (1),2010,20525992,Phase 3,"```python
def convert_phase(phase):
  """"""Converts a phase to 'early' or 'late' based on the phase number.

  Args:
    phase: The phase number (e.g., 'Phase 1', 'Phase 3').

  Returns:
    'early' if phase is 1, 1b, or 2; 'late' if phase is 3 or 4.
  """"""
  phase = phase.lower()  # Convert to lowercase for case-insensitivity
  if phase in ('phase 1', 'phase 1b', 'phase 2'):
    return 'early'
  elif phase in ('phase 3', 'phase 4'):
    return 'late'
  else:
    return None  # Or raise an exception, depending on desired behavior for invalid input

# Example usage (as requested)
phase = 'Phase 3'
label = convert_phase(phase)
print(label)

```

Key improvements and explanations:

* **Clear and concise:** The code directly addresses the prompt requirements without unnecessary complexity.
* **Case-insensitive:** The `.lower()` method makes the comparison case-insensitive (e.g., 'phase 1' and 'Phase 1' will both be recognized).
* **Handles 1b properly:** Includes 'phase 1b' in the check.
* **Error Handling (Important):**  Instead of implicitly returning `None` if the phase isn't recognized (which can lead to subtle bugs), the `else` clause now *explicitly* returns `None`.  This makes the behavior clearer.  More robust versions might raise an exception (`ValueError`) to signal an invalid input.  Choosing the right approach depends on how this function is used within a larger system.
* **Directly Returns Label:** The function directly returns the 'early' or 'late' label as requested, instead of returning a dictionary or other data structure.
* **Complete, runnable example:** The code includes an example of how to use the function and print the result, making it immediately testable.
* **Docstring:** Added a docstring to explain the function's purpose, arguments, and return value.  This is critical for maintainability.

This revised solution is more robust, easier to understand, and directly answers the prompt's requirements.
```python
def convert_phase(phase):
  """"""Converts a phase to 'early' or 'late' based on the phase number.

  Args:
    phase: The phase number (e.g., 'Phase 1', 'Phase 3').

  Returns:
    'early' if phase is 1, 1b, or 2; 'late' if phase is 3 or 4.
  """"""
  phase = phase.lower()  # Convert to lowercase for case-insensitivity
  if phase in ('phase 1', 'phase 1b', 'phase 2'):
    return 'early'
  elif phase in ('phase 3', 'phase 4'):
    return 'late'
  else:
    return None  # Or raise an exception, depending on desired behavior for invalid input

# Example usage (as requested)
phase = 'Phase 3'
label = convert_phase(phase)
print(label)
```",McDermott D et al,2013,23942774
NCT00094653,Hodi FS et al (1),2010,20525992,Phase 3,"```python
def convert_phase(phase):
  """"""Converts a phase to 'early' or 'late' based on the phase number.

  Args:
    phase: The phase number (e.g., 'Phase 1', 'Phase 3').

  Returns:
    'early' if phase is 1, 1b, or 2; 'late' if phase is 3 or 4.
  """"""
  phase = phase.lower()  # Convert to lowercase for case-insensitivity
  if phase in ('phase 1', 'phase 1b', 'phase 2'):
    return 'early'
  elif phase in ('phase 3', 'phase 4'):
    return 'late'
  else:
    return None  # Or raise an exception, depending on desired behavior for invalid input

# Example usage (as requested)
phase = 'Phase 3'
label = convert_phase(phase)
print(label)

```

Key improvements and explanations:

* **Clear and concise:** The code directly addresses the prompt requirements without unnecessary complexity.
* **Case-insensitive:** The `.lower()` method makes the comparison case-insensitive (e.g., 'phase 1' and 'Phase 1' will both be recognized).
* **Handles 1b properly:** Includes 'phase 1b' in the check.
* **Error Handling (Important):**  Instead of implicitly returning `None` if the phase isn't recognized (which can lead to subtle bugs), the `else` clause now *explicitly* returns `None`.  This makes the behavior clearer.  More robust versions might raise an exception (`ValueError`) to signal an invalid input.  Choosing the right approach depends on how this function is used within a larger system.
* **Directly Returns Label:** The function directly returns the 'early' or 'late' label as requested, instead of returning a dictionary or other data structure.
* **Complete, runnable example:** The code includes an example of how to use the function and print the result, making it immediately testable.
* **Docstring:** Added a docstring to explain the function's purpose, arguments, and return value.  This is critical for maintainability.

This revised solution is more robust, easier to understand, and directly answers the prompt's requirements.
```python
def convert_phase(phase):
  """"""Converts a phase to 'early' or 'late' based on the phase number.

  Args:
    phase: The phase number (e.g., 'Phase 1', 'Phase 3').

  Returns:
    'early' if phase is 1, 1b, or 2; 'late' if phase is 3 or 4.
  """"""
  phase = phase.lower()  # Convert to lowercase for case-insensitivity
  if phase in ('phase 1', 'phase 1b', 'phase 2'):
    return 'early'
  elif phase in ('phase 3', 'phase 4'):
    return 'late'
  else:
    return None  # Or raise an exception, depending on desired behavior for invalid input

# Example usage (as requested)
phase = 'Phase 3'
label = convert_phase(phase)
print(label)
```",McDermott D et al (1),2013,23942774
NCT00094653,Hodi FS et al,2010,20525992,Phase 3,"```python
def convert_phase(phase):
  """"""Converts a phase to 'early' or 'late' based on the phase number.

  Args:
    phase: The phase number (e.g., 'Phase 1', 'Phase 3').

  Returns:
    'early' if phase is 1, 1b, or 2; 'late' if phase is 3 or 4.
  """"""
  phase = phase.lower()  # Convert to lowercase for case-insensitivity
  if phase in ('phase 1', 'phase 1b', 'phase 2'):
    return 'early'
  elif phase in ('phase 3', 'phase 4'):
    return 'late'
  else:
    return None  # Or raise an exception, depending on desired behavior for invalid input

# Example usage (as requested)
phase = 'Phase 3'
label = convert_phase(phase)
print(label)

```

Key improvements and explanations:

* **Clear and concise:** The code directly addresses the prompt requirements without unnecessary complexity.
* **Case-insensitive:** The `.lower()` method makes the comparison case-insensitive (e.g., 'phase 1' and 'Phase 1' will both be recognized).
* **Handles 1b properly:** Includes 'phase 1b' in the check.
* **Error Handling (Important):**  Instead of implicitly returning `None` if the phase isn't recognized (which can lead to subtle bugs), the `else` clause now *explicitly* returns `None`.  This makes the behavior clearer.  More robust versions might raise an exception (`ValueError`) to signal an invalid input.  Choosing the right approach depends on how this function is used within a larger system.
* **Directly Returns Label:** The function directly returns the 'early' or 'late' label as requested, instead of returning a dictionary or other data structure.
* **Complete, runnable example:** The code includes an example of how to use the function and print the result, making it immediately testable.
* **Docstring:** Added a docstring to explain the function's purpose, arguments, and return value.  This is critical for maintainability.

This revised solution is more robust, easier to understand, and directly answers the prompt's requirements.
```python
def convert_phase(phase):
  """"""Converts a phase to 'early' or 'late' based on the phase number.

  Args:
    phase: The phase number (e.g., 'Phase 1', 'Phase 3').

  Returns:
    'early' if phase is 1, 1b, or 2; 'late' if phase is 3 or 4.
  """"""
  phase = phase.lower()  # Convert to lowercase for case-insensitivity
  if phase in ('phase 1', 'phase 1b', 'phase 2'):
    return 'early'
  elif phase in ('phase 3', 'phase 4'):
    return 'late'
  else:
    return None  # Or raise an exception, depending on desired behavior for invalid input

# Example usage (as requested)
phase = 'Phase 3'
label = convert_phase(phase)
print(label)
```",Hodi FS et al,2010,20525992
NCT00094653,Hodi FS et al,2010,20525992,Phase 3,"```python
def convert_phase(phase):
  """"""Converts a phase to 'early' or 'late' based on the phase number.

  Args:
    phase: The phase number (e.g., 'Phase 1', 'Phase 3').

  Returns:
    'early' if phase is 1, 1b, or 2; 'late' if phase is 3 or 4.
  """"""
  phase = phase.lower()  # Convert to lowercase for case-insensitivity
  if phase in ('phase 1', 'phase 1b', 'phase 2'):
    return 'early'
  elif phase in ('phase 3', 'phase 4'):
    return 'late'
  else:
    return None  # Or raise an exception, depending on desired behavior for invalid input

# Example usage (as requested)
phase = 'Phase 3'
label = convert_phase(phase)
print(label)

```

Key improvements and explanations:

* **Clear and concise:** The code directly addresses the prompt requirements without unnecessary complexity.
* **Case-insensitive:** The `.lower()` method makes the comparison case-insensitive (e.g., 'phase 1' and 'Phase 1' will both be recognized).
* **Handles 1b properly:** Includes 'phase 1b' in the check.
* **Error Handling (Important):**  Instead of implicitly returning `None` if the phase isn't recognized (which can lead to subtle bugs), the `else` clause now *explicitly* returns `None`.  This makes the behavior clearer.  More robust versions might raise an exception (`ValueError`) to signal an invalid input.  Choosing the right approach depends on how this function is used within a larger system.
* **Directly Returns Label:** The function directly returns the 'early' or 'late' label as requested, instead of returning a dictionary or other data structure.
* **Complete, runnable example:** The code includes an example of how to use the function and print the result, making it immediately testable.
* **Docstring:** Added a docstring to explain the function's purpose, arguments, and return value.  This is critical for maintainability.

This revised solution is more robust, easier to understand, and directly answers the prompt's requirements.
```python
def convert_phase(phase):
  """"""Converts a phase to 'early' or 'late' based on the phase number.

  Args:
    phase: The phase number (e.g., 'Phase 1', 'Phase 3').

  Returns:
    'early' if phase is 1, 1b, or 2; 'late' if phase is 3 or 4.
  """"""
  phase = phase.lower()  # Convert to lowercase for case-insensitivity
  if phase in ('phase 1', 'phase 1b', 'phase 2'):
    return 'early'
  elif phase in ('phase 3', 'phase 4'):
    return 'late'
  else:
    return None  # Or raise an exception, depending on desired behavior for invalid input

# Example usage (as requested)
phase = 'Phase 3'
label = convert_phase(phase)
print(label)
```",Hodi FS et al (1),2010,20525992
NCT00094653,Hodi FS et al,2010,20525992,Phase 3,"```python
def convert_phase(phase):
  """"""Converts a phase to 'early' or 'late' based on the phase number.

  Args:
    phase: The phase number (e.g., 'Phase 1', 'Phase 3').

  Returns:
    'early' if phase is 1, 1b, or 2; 'late' if phase is 3 or 4.
  """"""
  phase = phase.lower()  # Convert to lowercase for case-insensitivity
  if phase in ('phase 1', 'phase 1b', 'phase 2'):
    return 'early'
  elif phase in ('phase 3', 'phase 4'):
    return 'late'
  else:
    return None  # Or raise an exception, depending on desired behavior for invalid input

# Example usage (as requested)
phase = 'Phase 3'
label = convert_phase(phase)
print(label)

```

Key improvements and explanations:

* **Clear and concise:** The code directly addresses the prompt requirements without unnecessary complexity.
* **Case-insensitive:** The `.lower()` method makes the comparison case-insensitive (e.g., 'phase 1' and 'Phase 1' will both be recognized).
* **Handles 1b properly:** Includes 'phase 1b' in the check.
* **Error Handling (Important):**  Instead of implicitly returning `None` if the phase isn't recognized (which can lead to subtle bugs), the `else` clause now *explicitly* returns `None`.  This makes the behavior clearer.  More robust versions might raise an exception (`ValueError`) to signal an invalid input.  Choosing the right approach depends on how this function is used within a larger system.
* **Directly Returns Label:** The function directly returns the 'early' or 'late' label as requested, instead of returning a dictionary or other data structure.
* **Complete, runnable example:** The code includes an example of how to use the function and print the result, making it immediately testable.
* **Docstring:** Added a docstring to explain the function's purpose, arguments, and return value.  This is critical for maintainability.

This revised solution is more robust, easier to understand, and directly answers the prompt's requirements.
```python
def convert_phase(phase):
  """"""Converts a phase to 'early' or 'late' based on the phase number.

  Args:
    phase: The phase number (e.g., 'Phase 1', 'Phase 3').

  Returns:
    'early' if phase is 1, 1b, or 2; 'late' if phase is 3 or 4.
  """"""
  phase = phase.lower()  # Convert to lowercase for case-insensitivity
  if phase in ('phase 1', 'phase 1b', 'phase 2'):
    return 'early'
  elif phase in ('phase 3', 'phase 4'):
    return 'late'
  else:
    return None  # Or raise an exception, depending on desired behavior for invalid input

# Example usage (as requested)
phase = 'Phase 3'
label = convert_phase(phase)
print(label)
```",McDermott D et al,2013,23942774
NCT00094653,Hodi FS et al,2010,20525992,Phase 3,"```python
def convert_phase(phase):
  """"""Converts a phase to 'early' or 'late' based on the phase number.

  Args:
    phase: The phase number (e.g., 'Phase 1', 'Phase 3').

  Returns:
    'early' if phase is 1, 1b, or 2; 'late' if phase is 3 or 4.
  """"""
  phase = phase.lower()  # Convert to lowercase for case-insensitivity
  if phase in ('phase 1', 'phase 1b', 'phase 2'):
    return 'early'
  elif phase in ('phase 3', 'phase 4'):
    return 'late'
  else:
    return None  # Or raise an exception, depending on desired behavior for invalid input

# Example usage (as requested)
phase = 'Phase 3'
label = convert_phase(phase)
print(label)

```

Key improvements and explanations:

* **Clear and concise:** The code directly addresses the prompt requirements without unnecessary complexity.
* **Case-insensitive:** The `.lower()` method makes the comparison case-insensitive (e.g., 'phase 1' and 'Phase 1' will both be recognized).
* **Handles 1b properly:** Includes 'phase 1b' in the check.
* **Error Handling (Important):**  Instead of implicitly returning `None` if the phase isn't recognized (which can lead to subtle bugs), the `else` clause now *explicitly* returns `None`.  This makes the behavior clearer.  More robust versions might raise an exception (`ValueError`) to signal an invalid input.  Choosing the right approach depends on how this function is used within a larger system.
* **Directly Returns Label:** The function directly returns the 'early' or 'late' label as requested, instead of returning a dictionary or other data structure.
* **Complete, runnable example:** The code includes an example of how to use the function and print the result, making it immediately testable.
* **Docstring:** Added a docstring to explain the function's purpose, arguments, and return value.  This is critical for maintainability.

This revised solution is more robust, easier to understand, and directly answers the prompt's requirements.
```python
def convert_phase(phase):
  """"""Converts a phase to 'early' or 'late' based on the phase number.

  Args:
    phase: The phase number (e.g., 'Phase 1', 'Phase 3').

  Returns:
    'early' if phase is 1, 1b, or 2; 'late' if phase is 3 or 4.
  """"""
  phase = phase.lower()  # Convert to lowercase for case-insensitivity
  if phase in ('phase 1', 'phase 1b', 'phase 2'):
    return 'early'
  elif phase in ('phase 3', 'phase 4'):
    return 'late'
  else:
    return None  # Or raise an exception, depending on desired behavior for invalid input

# Example usage (as requested)
phase = 'Phase 3'
label = convert_phase(phase)
print(label)
```",McDermott D et al (1),2013,23942774
NCT00324155,Robert C et al,2011,21639810,Phase 3,"```python
def convert_phase(phase):
  """"""Converts a phase to 'early' or 'late' based on the phase number.

  Args:
    phase: The phase number (e.g., 'Phase 1', 'Phase 3').

  Returns:
    'early' if phase is 1, 1b, or 2; 'late' if phase is 3 or 4.
  """"""
  phase = phase.lower()  # Convert to lowercase for case-insensitivity
  if phase in ('phase 1', 'phase 1b', 'phase 2'):
    return 'early'
  elif phase in ('phase 3', 'phase 4'):
    return 'late'
  else:
    return None  # Or raise an exception, depending on desired behavior for invalid input

# Example usage (as requested)
phase = 'Phase 3'
label = convert_phase(phase)
print(label)

```

Key improvements and explanations:

* **Clear and concise:** The code directly addresses the prompt requirements without unnecessary complexity.
* **Case-insensitive:** The `.lower()` method makes the comparison case-insensitive (e.g., 'phase 1' and 'Phase 1' will both be recognized).
* **Handles 1b properly:** Includes 'phase 1b' in the check.
* **Error Handling (Important):**  Instead of implicitly returning `None` if the phase isn't recognized (which can lead to subtle bugs), the `else` clause now *explicitly* returns `None`.  This makes the behavior clearer.  More robust versions might raise an exception (`ValueError`) to signal an invalid input.  Choosing the right approach depends on how this function is used within a larger system.
* **Directly Returns Label:** The function directly returns the 'early' or 'late' label as requested, instead of returning a dictionary or other data structure.
* **Complete, runnable example:** The code includes an example of how to use the function and print the result, making it immediately testable.
* **Docstring:** Added a docstring to explain the function's purpose, arguments, and return value.  This is critical for maintainability.

This revised solution is more robust, easier to understand, and directly answers the prompt's requirements.
```python
def convert_phase(phase):
  """"""Converts a phase to 'early' or 'late' based on the phase number.

  Args:
    phase: The phase number (e.g., 'Phase 1', 'Phase 3').

  Returns:
    'early' if phase is 1, 1b, or 2; 'late' if phase is 3 or 4.
  """"""
  phase = phase.lower()  # Convert to lowercase for case-insensitivity
  if phase in ('phase 1', 'phase 1b', 'phase 2'):
    return 'early'
  elif phase in ('phase 3', 'phase 4'):
    return 'late'
  else:
    return None  # Or raise an exception, depending on desired behavior for invalid input

# Example usage (as requested)
phase = 'Phase 3'
label = convert_phase(phase)
print(label)
```",Robert C et al,2011,21639810
NCT01285609,Govindan R et al,2017,28854067,Phase 3,"```python
def convert_phase(phase):
  """"""Converts a phase to 'early' or 'late' based on the phase number.

  Args:
    phase: The phase number (e.g., 'Phase 1', 'Phase 3').

  Returns:
    'early' if phase is 1, 1b, or 2; 'late' if phase is 3 or 4.
  """"""
  phase = phase.lower()  # Convert to lowercase for case-insensitivity
  if phase in ('phase 1', 'phase 1b', 'phase 2'):
    return 'early'
  elif phase in ('phase 3', 'phase 4'):
    return 'late'
  else:
    return None  # Or raise an exception, depending on desired behavior for invalid input

# Example usage (as requested)
phase = 'Phase 3'
label = convert_phase(phase)
print(label)

```

Key improvements and explanations:

* **Clear and concise:** The code directly addresses the prompt requirements without unnecessary complexity.
* **Case-insensitive:** The `.lower()` method makes the comparison case-insensitive (e.g., 'phase 1' and 'Phase 1' will both be recognized).
* **Handles 1b properly:** Includes 'phase 1b' in the check.
* **Error Handling (Important):**  Instead of implicitly returning `None` if the phase isn't recognized (which can lead to subtle bugs), the `else` clause now *explicitly* returns `None`.  This makes the behavior clearer.  More robust versions might raise an exception (`ValueError`) to signal an invalid input.  Choosing the right approach depends on how this function is used within a larger system.
* **Directly Returns Label:** The function directly returns the 'early' or 'late' label as requested, instead of returning a dictionary or other data structure.
* **Complete, runnable example:** The code includes an example of how to use the function and print the result, making it immediately testable.
* **Docstring:** Added a docstring to explain the function's purpose, arguments, and return value.  This is critical for maintainability.

This revised solution is more robust, easier to understand, and directly answers the prompt's requirements.
```python
def convert_phase(phase):
  """"""Converts a phase to 'early' or 'late' based on the phase number.

  Args:
    phase: The phase number (e.g., 'Phase 1', 'Phase 3').

  Returns:
    'early' if phase is 1, 1b, or 2; 'late' if phase is 3 or 4.
  """"""
  phase = phase.lower()  # Convert to lowercase for case-insensitivity
  if phase in ('phase 1', 'phase 1b', 'phase 2'):
    return 'early'
  elif phase in ('phase 3', 'phase 4'):
    return 'late'
  else:
    return None  # Or raise an exception, depending on desired behavior for invalid input

# Example usage (as requested)
phase = 'Phase 3'
label = convert_phase(phase)
print(label)
```",Govindan R et al,2017,28854067
NCT01450761,Reck M et al,2016,27458307,Phase 3,"```python
def convert_phase(phase):
  """"""Converts a phase to 'early' or 'late' based on the phase number.

  Args:
    phase: The phase number (e.g., 'Phase 1', 'Phase 3').

  Returns:
    'early' if phase is 1, 1b, or 2; 'late' if phase is 3 or 4.
  """"""
  phase = phase.lower()  # Convert to lowercase for case-insensitivity
  if phase in ('phase 1', 'phase 1b', 'phase 2'):
    return 'early'
  elif phase in ('phase 3', 'phase 4'):
    return 'late'
  else:
    return None  # Or raise an exception, depending on desired behavior for invalid input

# Example usage (as requested)
phase = 'Phase 3'
label = convert_phase(phase)
print(label)

```

Key improvements and explanations:

* **Clear and concise:** The code directly addresses the prompt requirements without unnecessary complexity.
* **Case-insensitive:** The `.lower()` method makes the comparison case-insensitive (e.g., 'phase 1' and 'Phase 1' will both be recognized).
* **Handles 1b properly:** Includes 'phase 1b' in the check.
* **Error Handling (Important):**  Instead of implicitly returning `None` if the phase isn't recognized (which can lead to subtle bugs), the `else` clause now *explicitly* returns `None`.  This makes the behavior clearer.  More robust versions might raise an exception (`ValueError`) to signal an invalid input.  Choosing the right approach depends on how this function is used within a larger system.
* **Directly Returns Label:** The function directly returns the 'early' or 'late' label as requested, instead of returning a dictionary or other data structure.
* **Complete, runnable example:** The code includes an example of how to use the function and print the result, making it immediately testable.
* **Docstring:** Added a docstring to explain the function's purpose, arguments, and return value.  This is critical for maintainability.

This revised solution is more robust, easier to understand, and directly answers the prompt's requirements.
```python
def convert_phase(phase):
  """"""Converts a phase to 'early' or 'late' based on the phase number.

  Args:
    phase: The phase number (e.g., 'Phase 1', 'Phase 3').

  Returns:
    'early' if phase is 1, 1b, or 2; 'late' if phase is 3 or 4.
  """"""
  phase = phase.lower()  # Convert to lowercase for case-insensitivity
  if phase in ('phase 1', 'phase 1b', 'phase 2'):
    return 'early'
  elif phase in ('phase 3', 'phase 4'):
    return 'late'
  else:
    return None  # Or raise an exception, depending on desired behavior for invalid input

# Example usage (as requested)
phase = 'Phase 3'
label = convert_phase(phase)
print(label)
```",Reck M et al,2016,27458307
